Id,X,Y,Signal
1,212,149,243
2,212,202,20
3,212,220,20
4,212,245,20
5,213,-293,83
6,213,-292,83
7,213,-290,83
8,213,-173,74
9,213,-169,74
10,213,88,243
11,213,89,243
12,213,98,116
13,213,116,70
14,213,117,70
15,213,124,206
16,213,157,20
17,213,158,20
18,213,162,20
19,213,202,20
20,213,245,20
21,214,-259,83
22,214,-227,243
23,214,-11,74
24,214,-5,74
25,214,82,50
26,214,116,70
27,214,125,206
28,214,128,206
29,215,-290,83
30,215,-271,50
31,215,-172,179
32,215,-171,179
33,215,-170,179
34,215,66,100
35,215,96,116
36,215,98,116
37,215,99,116
38,215,114,70
39,215,115,70
40,215,116,70
41,215,165,116
42,215,168,116
43,216,-259,83
44,216,-258,83
45,216,-257,83
46,216,-256,83
47,216,-191,100
48,216,-171,179
49,216,-118,243
50,216,-117,243
51,216,-8,179
52,216,65,100
53,216,167,116
54,217,-283,206
55,217,-192,100
56,217,-179,116
57,217,-173,74
58,217,-169,74
59,217,-118,50
60,217,-9,179
61,217,-8,179
62,217,-7,179
63,217,64,100
64,217,96,116
65,217,166,116
66,217,169,116
67,217,191,70
68,217,216,74
69,217,285,20
70,218,-193,100
71,218,-174,74
72,218,-168,74
73,218,-94,70
74,218,-93,70
75,218,-8,179
76,218,81,74
77,218,96,116
78,218,132,243
79,218,144,83
80,218,145,83
81,218,146,83
82,218,147,83
83,218,191,70
84,218,201,100
85,218,216,74
86,218,236,70
87,218,237,70
88,219,-285,206
89,219,-271,50
90,219,-270,243
91,219,-233,243
92,219,-232,243
93,219,-228,243
94,219,-227,243
95,219,-194,100
96,219,-146,111
97,219,-140,111
98,219,-120,50
99,219,-10,74
100,219,-6,74
101,219,144,83
102,219,191,70
103,219,202,100
104,219,216,74
105,219,236,70
106,220,-271,243
107,220,-270,243
108,220,-233,243
109,220,-232,243
110,220,-228,243
111,220,-227,243
112,220,-145,74
113,220,-141,74
114,220,-60,243
115,220,-59,50
116,220,-11,74
117,220,-5,74
118,220,10,116
119,220,104,83
120,220,105,83
121,220,144,83
122,220,208,20
123,220,213,74
124,220,214,74
125,220,215,74
126,220,217,74
127,220,218,74
128,220,219,74
129,220,230,243
130,220,234,70
131,220,235,70
132,220,236,70
133,220,262,179
134,221,-284,206
135,221,-234,243
136,221,-220,20
137,221,-219,20
138,221,-216,20
139,221,-214,20
140,221,-143,116
141,221,-76,70
142,221,-60,243
143,221,-59,243
144,221,-55,243
145,221,-47,20
146,221,25,70
147,221,26,70
148,221,27,70
149,221,72,111
150,221,120,50
151,221,128,50
152,221,169,116
153,221,216,74
154,221,260,74
155,221,264,74
156,222,-283,206
157,222,-280,206
158,222,-144,116
159,222,-142,116
160,222,-76,70
161,222,-61,50
162,222,-47,20
163,222,25,70
164,222,71,74
165,222,121,90
166,222,122,90
167,222,126,90
168,222,127,90
169,222,155,74
170,222,161,74
171,222,168,116
172,222,171,116
173,222,190,206
174,222,216,74
175,222,259,74
176,222,265,74
177,223,-262,20
178,223,-252,83
179,223,-250,83
180,223,-167,243
181,223,-166,243
182,223,-160,50
183,223,-152,50
184,223,-143,116
185,223,-76,70
186,223,24,70
187,223,25,70
188,223,35,74
189,223,83,70
190,223,84,70
191,223,121,90
192,223,122,50
193,223,126,50
194,223,127,90
195,223,156,74
196,223,160,74
197,223,190,206
198,223,216,74
199,223,247,100
200,224,-282,206
201,224,-262,20
202,224,-207,74
203,224,-206,74
204,224,-165,50
205,224,-159,90
206,224,-158,90
207,224,-154,90
208,224,-153,90
209,224,-145,74
210,224,-141,74
211,224,-134,70
212,224,34,74
213,224,83,70
214,224,158,179
215,224,248,100
216,225,-252,83
217,225,-159,90
218,225,-158,50
219,225,-154,50
220,225,-153,90
221,225,-146,111
222,225,-140,111
223,225,-118,74
224,225,-114,70
225,225,-113,70
226,225,-112,70
227,225,-104,166
228,225,-84,70
229,225,-83,70
230,225,-76,70
231,225,-47,20
232,225,69,116
233,225,93,70
234,225,94,70
235,225,124,50
236,225,157,179
237,225,158,179
238,225,159,179
239,225,189,206
240,225,190,206
241,225,192,206
242,225,226,70
243,225,227,70
244,225,249,100
245,226,-235,243
246,226,-232,70
247,226,-231,70
248,226,-230,70
249,226,-229,70
250,226,-177,83
251,226,-176,83
252,226,-175,83
253,226,-174,83
254,226,-120,116
255,226,-114,70
256,226,-104,166
257,226,-84,70
258,226,-76,70
259,226,-47,20
260,226,67,74
261,226,71,74
262,226,137,100
263,226,226,70
264,226,250,100
265,227,-262,20
266,227,-257,116
267,227,-235,243
268,227,-204,74
269,227,-174,83
270,227,-156,50
271,227,-120,116
272,227,-119,116
273,227,-115,70
274,227,-114,70
275,227,-104,166
276,227,-101,166
277,227,-97,166
278,227,-86,70
279,227,-85,70
280,227,-84,70
281,227,-70,100
282,227,-47,20
283,227,2,116
284,227,9,70
285,227,10,70
286,227,66,111
287,227,72,111
288,227,121,90
289,227,122,50
290,227,126,50
291,227,127,90
292,227,136,100
293,227,190,206
294,227,240,116
295,227,251,100
296,228,-262,20
297,228,-236,243
298,228,-187,100
299,228,-174,83
300,228,-166,70
301,228,-120,116
302,228,-104,166
303,228,-69,100
304,228,9,70
305,228,121,90
306,228,122,90
307,228,126,90
308,228,127,90
309,228,135,100
310,228,190,206
311,229,-262,20
312,229,-259,116
313,229,-256,116
314,229,-188,100
315,229,-159,90
316,229,-158,50
317,229,-154,50
318,229,-153,90
319,229,-68,100
320,229,3,116
321,229,7,70
322,229,8,70
323,229,9,70
324,229,120,50
325,229,128,50
326,229,134,100
327,229,146,50
328,230,-257,116
329,230,-189,100
330,230,-159,90
331,230,-158,90
332,230,-154,90
333,230,-153,90
334,230,-101,166
335,230,-98,166
336,230,-67,100
337,230,-11,83
338,230,-10,83
339,230,-9,83
340,230,-8,83
341,230,77,83
342,230,78,83
343,230,79,83
344,230,147,90
345,230,165,116
346,230,168,116
347,231,-258,116
348,231,-255,116
349,231,-190,100
350,231,-160,50
351,231,-152,50
352,231,-8,83
353,231,79,83
354,231,147,90
355,231,154,20
356,231,155,20
357,231,156,20
358,231,159,20
359,231,160,20
360,231,170,243
361,231,200,50
362,231,208,50
363,232,-191,100
364,232,-98,166
365,232,-97,166
366,232,-96,166
367,232,-8,83
368,232,79,83
369,232,94,116
370,232,167,116
371,232,201,90
372,232,202,90
373,232,206,90
374,232,207,90
375,232,223,111
376,232,229,111
377,233,-283,20
378,233,-281,20
379,233,-228,70
380,233,-227,70
381,233,-226,70
382,233,-142,83
383,233,-140,83
384,233,-131,206
385,233,-116,20
386,233,-115,20
387,233,-112,20
388,233,-111,20
389,233,-110,20
390,233,-61,70
391,233,-60,70
392,233,79,83
393,233,94,116
394,233,105,20
395,233,201,90
396,233,202,50
397,233,206,50
398,233,207,90
399,233,224,74
400,233,228,74
401,233,235,74
402,234,-231,100
403,234,-226,70
404,234,-215,20
405,234,-214,20
406,234,-213,20
407,234,-210,20
408,234,-209,20
409,234,-157,116
410,234,-154,116
411,234,-153,116
412,234,-131,206
413,234,-93,166
414,234,-61,70
415,234,105,20
416,234,187,206
417,234,188,206
418,234,226,116
419,234,235,74
420,235,-272,74
421,235,-240,100
422,235,-226,70
423,235,-142,83
424,235,-93,166
425,235,-88,166
426,235,-63,70
427,235,-62,70
428,235,-61,70
429,235,92,116
430,235,94,116
431,235,95,116
432,235,128,20
433,235,129,20
434,235,130,20
435,235,133,20
436,235,134,20
437,235,167,116
438,235,188,206
439,235,204,50
440,235,225,116
441,235,227,116
442,235,235,74
443,235,245,100
444,236,-239,100
445,236,-196,50
446,236,-132,206
447,236,-131,206
448,236,-129,206
449,236,-93,166
450,236,-90,166
451,236,-86,166
452,236,-78,83
453,236,-53,70
454,236,-52,70
455,236,-51,70
456,236,167,116
457,236,176,83
458,236,188,206
459,236,226,116
460,236,236,74
461,236,237,74
462,236,244,100
463,237,-238,100
464,237,-202,243
465,237,-198,243
466,237,-197,243
467,237,-147,116
468,237,-123,20
469,237,-93,166
470,237,-78,83
471,237,-53,70
472,237,68,83
473,237,70,83
474,237,92,116
475,237,105,20
476,237,146,50
477,237,176,83
478,237,201,90
479,237,202,50
480,237,206,50
481,237,207,90
482,237,224,74
483,237,228,74
484,237,235,74
485,238,-237,100
486,238,-202,50
487,238,-198,50
488,238,-197,243
489,238,-131,206
490,238,-78,83
491,238,-70,74
492,238,-54,70
493,238,-53,70
494,238,-8,70
495,238,92,116
496,238,105,20
497,238,176,83
498,238,177,83
499,238,178,83
500,238,179,83
501,238,186,206
502,238,201,90
503,238,202,90
504,238,206,90
505,238,207,90
506,238,223,111
507,238,229,111
508,238,235,74
509,239,-271,243
510,239,-260,74
511,239,-254,74
512,239,-236,100
513,239,-222,116
514,239,-149,116
515,239,-146,116
516,239,-131,206
517,239,-90,166
518,239,-87,166
519,239,-79,83
520,239,-78,83
521,239,-70,74
522,239,-13,116
523,239,-9,70
524,239,-8,70
525,239,68,83
526,239,105,20
527,239,167,116
528,239,200,50
529,239,208,50
530,240,-259,74
531,240,-255,74
532,240,-222,116
533,240,-182,83
534,240,-181,83
535,240,-180,83
536,240,-179,83
537,240,-147,116
538,240,-70,74
539,240,-1,83
540,240,0,83
541,240,1,83
542,240,2,83
543,240,12,166
544,240,124,70
545,240,125,70
546,240,213,166
547,241,-257,116
548,241,-182,83
549,241,-172,20
550,241,-171,20
551,241,-170,20
552,241,-148,116
553,241,-145,116
554,241,-100,50
555,241,-87,166
556,241,-86,166
557,241,-85,166
558,241,-84,166
559,241,-13,116
560,241,2,83
561,241,12,166
562,241,17,166
563,241,63,116
564,241,148,83
565,241,150,83
566,242,-258,116
567,242,-256,116
568,242,-245,74
569,242,-202,50
570,242,-195,116
571,242,-182,83
572,242,-161,74
573,242,-99,90
574,242,-98,90
575,242,2,83
576,242,12,166
577,242,15,166
578,242,19,166
579,243,-257,116
580,243,-244,74
581,243,-202,243
582,243,-195,116
583,243,-160,74
584,243,-99,90
585,243,-98,50
586,243,12,166
587,243,29,83
588,243,48,70
589,243,61,116
590,243,64,116
591,243,120,83
592,243,148,83
593,243,170,166
594,243,186,206
595,243,189,206
596,244,-259,74
597,244,-255,74
598,244,-204,50
599,244,-114,116
600,244,-91,90
601,244,-90,50
602,244,-86,50
603,244,-85,90
604,244,29,83
605,244,48,70
606,244,63,116
607,244,120,83
608,244,172,166
609,245,-278,70
610,245,-254,74
611,245,-243,116
612,245,-242,116
613,245,-238,70
614,245,-197,116
615,245,-195,116
616,245,-194,116
617,245,-159,179
618,245,-114,116
619,245,-96,50
620,245,-91,90
621,245,-90,90
622,245,-86,90
623,245,-85,90
624,245,15,166
625,245,18,166
626,245,26,83
627,245,27,83
628,245,28,83
629,245,29,83
630,245,48,70
631,245,65,116
632,245,89,50
633,245,120,83
634,245,135,100
635,245,143,116
636,245,213,74
637,245,219,74
638,246,-278,70
639,246,-271,74
640,246,-265,74
641,246,-214,116
642,246,-211,116
643,246,-185,116
644,246,-147,116
645,246,-92,50
646,246,-84,50
647,246,-71,83
648,246,-70,83
649,246,-69,83
650,246,87,243
651,246,88,243
652,246,136,100
653,246,197,100
654,246,214,74
655,246,218,74
656,247,-278,70
657,247,-270,74
658,247,-266,74
659,247,-240,70
660,247,-229,83
661,247,-228,83
662,247,-227,83
663,247,-212,116
664,247,-197,116
665,247,-160,74
666,247,-131,243
667,247,-130,243
668,247,-126,243
669,247,-125,243
670,247,-116,116
671,247,-114,116
672,247,-113,116
673,247,-99,90
674,247,-98,50
675,247,-69,83
676,247,-11,70
677,247,-10,70
678,247,-9,70
679,247,18,166
680,247,19,166
681,247,20,166
682,247,21,166
683,247,48,70
684,247,87,50
685,247,88,243
686,247,96,83
687,247,141,116
688,247,144,116
689,247,162,70
690,247,163,70
691,247,171,166
692,247,198,100
693,247,216,116
694,248,-268,116
695,248,-240,70
696,248,-213,116
697,248,-210,116
698,248,-197,116
699,248,-161,74
700,248,-132,243
701,248,-124,243
702,248,-99,90
703,248,-98,90
704,248,-69,83
705,248,-2,74
706,248,4,74
707,248,48,70
708,248,78,83
709,248,80,83
710,248,128,70
711,248,129,70
712,248,143,116
713,248,162,70
714,248,199,100
715,248,215,116
716,248,216,116
717,248,217,116
718,249,-278,70
719,249,-269,116
720,249,-267,116
721,249,-240,70
722,249,-116,116
723,249,-104,70
724,249,-100,50
725,249,-69,83
726,249,-59,20
727,249,-23,70
728,249,-22,70
729,249,-21,70
730,249,-20,70
731,249,-17,70
732,249,-16,70
733,249,85,50
734,249,128,70
735,249,142,116
736,249,145,116
737,249,162,70
738,249,171,166
739,249,172,166
740,249,173,166
741,249,181,100
742,249,200,100
743,249,216,116
744,250,-278,70
745,250,-268,116
746,250,-116,116
747,250,-104,70
748,250,-54,74
749,250,78,83
750,250,126,70
751,250,127,70
752,250,128,70
753,250,180,100
754,250,192,70
755,250,201,100
756,250,214,74
757,250,218,74
758,251,-270,74
759,251,-266,74
760,251,-240,70
761,251,-104,70
762,251,36,83
763,251,37,83
764,251,98,50
765,251,107,74
766,251,179,100
767,251,192,70
768,252,-271,74
769,252,-265,74
770,252,-259,50
771,252,-240,70
772,252,-184,100
773,252,73,116
774,252,96,243
775,252,97,243
776,252,107,74
777,252,150,74
778,252,156,74
779,252,178,100
780,252,192,70
781,253,-246,70
782,253,-245,70
783,253,-229,50
784,253,-223,50
785,253,-185,100
786,253,-162,100
787,253,-80,206
788,253,-79,206
789,253,13,111
790,253,28,100
791,253,34,83
792,253,96,50
793,253,97,243
794,253,107,74
795,253,151,74
796,253,155,74
797,253,177,100
798,254,-246,70
799,254,-225,243
800,254,-224,243
801,254,-186,100
802,254,-79,206
803,254,14,74
804,254,29,100
805,254,71,116
806,254,74,116
807,254,138,206
808,254,153,116
809,254,171,116
810,255,-281,74
811,255,-248,70
812,255,-247,70
813,255,-246,70
814,255,-225,50
815,255,-224,243
816,255,-187,100
817,255,-124,116
818,255,-121,116
819,255,-120,116
820,255,-116,116
821,255,-113,116
822,255,-79,206
823,255,-27,116
824,255,30,100
825,255,73,116
826,255,94,50
827,255,138,206
828,255,152,116
829,255,154,116
830,256,-286,74
831,256,-282,74
832,256,-151,74
833,256,-145,74
834,256,-67,206
835,256,-64,206
836,256,31,100
837,256,72,116
838,256,75,116
839,256,85,100
840,256,153,116
841,256,170,116
842,257,-284,179
843,257,-218,74
844,257,-216,74
845,257,-203,243
846,257,-174,166
847,257,-150,74
848,257,-146,74
849,257,-81,206
850,257,-57,70
851,257,-17,116
852,257,44,100
853,257,86,100
854,257,96,50
855,257,97,243
856,257,120,100
857,257,137,206
858,257,138,206
859,257,140,206
860,257,151,74
861,257,155,74
862,257,203,166
863,258,-285,179
864,258,-283,179
865,258,-266,90
866,258,-265,50
867,258,-261,50
868,258,-260,90
869,258,-240,74
870,258,-234,74
871,258,-176,166
872,258,-172,166
873,258,-148,179
874,258,-30,20
875,258,-29,20
876,258,87,100
877,258,96,243
878,258,97,243
879,258,108,70
880,258,109,70
881,258,150,74
882,258,156,74
883,258,162,70
884,258,163,70
885,258,203,166
886,259,-266,90
887,259,-265,90
888,259,-261,90
889,259,-260,90
890,259,-257,70
891,259,-239,74
892,259,-235,74
893,259,-225,50
894,259,-224,243
895,259,-218,74
896,259,-216,74
897,259,-149,179
898,259,-148,179
899,259,-147,179
900,259,-83,206
901,259,17,83
902,259,42,100
903,259,88,100
904,259,98,50
905,259,108,70
906,259,138,206
907,259,170,116
908,260,-282,74
909,260,-267,50
910,260,-257,70
911,260,-256,70
912,260,-255,70
913,260,-237,179
914,260,-225,243
915,260,-148,179
916,260,-92,100
917,260,-17,116
918,260,41,100
919,260,72,90
920,260,73,90
921,260,77,90
922,260,78,90
923,260,89,100
924,260,106,70
925,260,107,70
926,260,108,70
927,260,138,206
928,260,170,116
929,261,-281,74
930,261,-274,166
931,261,-255,70
932,261,-238,179
933,261,-237,179
934,261,-236,179
935,261,-186,83
936,261,-185,83
937,261,-184,83
938,261,-176,166
939,261,-173,166
940,261,-150,74
941,261,-146,74
942,261,-140,111
943,261,-134,111
944,261,-125,74
945,261,-119,74
946,261,-91,100
947,261,-82,206
948,261,-17,116
949,261,-6,70
950,261,-5,70
951,261,-4,70
952,261,-3,70
953,261,0,70
954,261,1,70
955,261,17,83
956,261,40,100
957,261,72,90
958,261,73,50
959,261,77,50
960,261,78,90
961,261,182,83
962,261,183,83
963,261,184,83
964,261,185,83
965,262,-255,70
966,262,-237,179
967,262,-217,116
968,262,-200,70
969,262,-199,70
970,262,-198,70
971,262,-197,70
972,262,-194,70
973,262,-193,70
974,262,-184,83
975,262,-151,74
976,262,-145,74
977,262,-139,74
978,262,-135,74
979,262,-124,74
980,262,-120,74
981,262,-90,100
982,262,-81,206
983,262,-78,206
984,262,185,83
985,263,-239,74
986,263,-235,74
987,263,-184,83
988,263,-173,166
989,263,-172,166
990,263,-171,166
991,263,-170,166
992,263,-137,116
993,263,-122,116
994,263,-104,50
995,263,-96,50
996,263,-89,100
997,263,12,116
998,263,75,50
999,263,115,243
1000,263,185,83
1001,264,-275,166
1002,264,-240,74
1003,264,-234,74
1004,264,-218,116
1005,264,-212,20
1006,264,-211,20
1007,264,-208,20
1008,264,-207,20
1009,264,-206,20
1010,264,-184,83
1011,264,-138,116
1012,264,-136,116
1013,264,-123,116
1014,264,-121,116
1015,264,-103,243
1016,264,-102,243
1017,264,-98,243
1018,264,-97,243
1019,264,-88,100
1020,264,-17,116
1021,264,36,116
1022,264,116,243
1023,264,117,243
1024,265,-137,116
1025,265,-122,116
1026,265,7,74
1027,265,10,116
1028,265,13,116
1029,265,20,70
1030,265,21,70
1031,265,22,70
1032,265,23,70
1033,265,72,90
1034,265,73,50
1035,265,77,50
1036,265,78,90
1037,265,116,243
1038,265,117,243
1039,266,-275,166
1040,266,-274,166
1041,266,-273,166
1042,266,-272,166
1043,266,-139,74
1044,266,-135,74
1045,266,-124,74
1046,266,-120,74
1047,266,-79,74
1048,266,12,116
1049,266,23,70
1050,266,72,90
1051,266,73,90
1052,266,77,90
1053,266,78,90
1054,266,83,83
1055,266,172,74
1056,266,178,74
1057,267,-218,116
1058,267,-162,166
1059,267,-140,111
1060,267,-134,111
1061,267,-125,74
1062,267,-119,74
1063,267,-79,74
1064,267,-17,116
1065,267,23,70
1066,267,71,50
1067,267,79,50
1068,267,83,83
1069,267,93,166
1070,267,173,74
1071,267,177,74
1072,268,-280,116
1073,268,-265,74
1074,268,-218,116
1075,268,-162,166
1076,268,-79,74
1077,268,65,50
1078,268,83,83
1079,268,91,166
1080,268,95,166
1081,268,175,179
1082,269,-280,116
1083,269,-264,74
1084,269,-260,74
1085,269,-162,166
1086,269,-102,74
1087,269,-96,74
1088,269,-82,74
1089,269,-81,74
1090,269,-80,74
1091,269,-78,74
1092,269,-77,74
1093,269,-76,74
1094,269,63,243
1095,269,64,243
1096,269,83,83
1097,269,110,100
1098,269,116,243
1099,269,117,243
1100,269,174,179
1101,269,175,179
1102,269,176,179
1103,270,-262,179
1104,270,-174,243
1105,270,-166,243
1106,270,-162,166
1107,270,-101,74
1108,270,-97,74
1109,270,-90,243
1110,270,-79,74
1111,270,-26,83
1112,270,-9,70
1113,270,34,206
1114,270,63,50
1115,270,64,243
1116,270,117,243
1117,270,145,243
1118,270,150,83
1119,270,151,83
1120,270,152,83
1121,270,175,179
1122,271,-280,116
1123,271,-279,116
1124,271,-263,179
1125,271,-262,179
1126,271,-261,179
1127,271,-186,116
1128,271,-173,243
1129,271,-172,243
1130,271,-168,243
1131,271,-167,243
1132,271,-158,83
1133,271,-157,83
1134,271,-156,83
1135,271,-155,83
1136,271,-99,179
1137,271,-79,74
1138,271,-29,83
1139,271,-28,83
1140,271,-27,83
1141,271,-26,83
1142,271,-9,70
1143,271,5,206
1144,271,10,74
1145,271,69,116
1146,271,72,116
1147,271,91,166
1148,271,94,166
1149,271,152,83
1150,271,173,74
1151,271,177,74
1152,272,-262,179
1153,272,-173,243
1154,272,-172,243
1155,272,-168,243
1156,272,-167,243
1157,272,-158,83
1158,272,-100,179
1159,272,-99,179
1160,272,-98,179
1161,272,-88,243
1162,272,-87,243
1163,272,-79,74
1164,272,-38,90
1165,272,-19,70
1166,272,-18,70
1167,272,-9,70
1168,272,5,206
1169,272,11,74
1170,272,61,50
1171,272,71,116
1172,272,152,83
1173,272,172,74
1174,272,178,74
1175,273,-282,116
1176,273,-264,74
1177,273,-260,74
1178,273,-245,20
1179,273,-209,20
1180,273,-208,20
1181,273,-99,179
1182,273,-88,243
1183,273,-87,243
1184,273,-72,70
1185,273,-37,50
1186,273,-19,70
1187,273,12,74
1188,273,16,243
1189,273,70,116
1190,273,73,116
1191,273,125,83
1192,273,152,83
1193,274,-282,116
1194,274,-265,74
1195,274,-259,74
1196,274,-222,20
1197,274,-170,243
1198,274,-101,74
1199,274,-97,74
1200,274,-86,243
1201,274,-72,70
1202,274,-71,70
1203,274,-70,70
1204,274,-31,116
1205,274,-19,70
1206,274,-9,70
1207,274,17,243
1208,274,18,243
1209,274,63,50
1210,274,125,83
1211,274,144,74
1212,275,-222,20
1213,275,-213,166
1214,275,-143,20
1215,275,-142,20
1216,275,-139,20
1217,275,-138,20
1218,275,-137,20
1219,275,-102,74
1220,275,-96,74
1221,275,-70,70
1222,275,-31,116
1223,275,-9,70
1224,275,12,74
1225,275,27,166
1226,275,28,166
1227,275,29,166
1228,275,30,166
1229,275,63,243
1230,275,110,83
1231,275,122,83
1232,275,123,83
1233,275,124,83
1234,275,125,83
1235,275,144,74
1236,276,-234,70
1237,276,-233,70
1238,276,-232,70
1239,276,-200,70
1240,276,-199,70
1241,276,-198,70
1242,276,-173,243
1243,276,-172,243
1244,276,-168,243
1245,276,-167,243
1246,276,-70,70
1247,276,110,83
1248,276,141,74
1249,276,142,74
1250,276,143,74
1251,276,145,74
1252,277,-234,70
1253,277,-200,70
1254,277,-173,243
1255,277,-172,243
1256,277,-168,243
1257,277,-167,243
1258,277,-122,50
1259,277,-114,50
1260,277,-33,116
1261,277,-31,116
1262,277,-30,116
1263,277,107,83
1264,277,108,83
1265,277,109,83
1266,277,110,83
1267,278,-270,50
1268,278,-235,70
1269,278,-234,70
1270,278,-222,20
1271,278,-201,70
1272,278,-200,70
1273,278,-174,243
1274,278,-166,243
1275,278,-161,70
1276,278,-121,243
1277,278,-120,243
1278,278,-116,243
1279,278,-115,243
1280,278,87,111
1281,278,93,111
1282,279,-272,243
1283,279,-271,243
1284,279,-243,74
1285,279,-222,20
1286,279,-191,70
1287,279,-188,70
1288,279,-187,70
1289,279,-161,70
1290,279,-160,70
1291,279,-159,70
1292,279,-121,243
1293,279,-120,50
1294,279,-116,50
1295,279,-115,243
1296,279,-82,83
1297,279,-80,83
1298,279,-33,116
1299,279,69,70
1300,279,88,74
1301,279,92,74
1302,280,-272,50
1303,280,-271,243
1304,280,-242,74
1305,280,-238,74
1306,280,-222,20
1307,280,-159,70
1308,280,-133,20
1309,280,-132,20
1310,280,-131,20
1311,280,-128,20
1312,280,-127,20
1313,280,-92,83
1314,280,-33,116
1315,280,16,83
1316,280,69,70
1317,280,90,116
1318,280,99,83
1319,281,-260,70
1320,281,-259,70
1321,281,-258,70
1322,281,-257,70
1323,281,-159,70
1324,281,-150,83
1325,281,-118,50
1326,281,-107,116
1327,281,-82,83
1328,281,2,70
1329,281,3,70
1330,281,4,70
1331,281,5,70
1332,281,8,70
1333,281,9,70
1334,281,16,83
1335,281,67,70
1336,281,68,70
1337,281,69,70
1338,281,75,83
1339,281,89,116
1340,281,91,116
1341,281,99,83
1342,282,-274,50
1343,282,-266,90
1344,282,-265,90
1345,282,-257,70
1346,282,-217,74
1347,282,-150,83
1348,282,-95,116
1349,282,16,83
1350,282,17,83
1351,282,18,83
1352,282,19,83
1353,282,75,83
1354,282,90,116
1355,282,285,83
1356,283,-266,90
1357,283,-265,50
1358,283,-257,70
1359,283,-150,83
1360,283,-121,243
1361,283,-120,50
1362,283,-116,50
1363,283,-115,243
1364,283,-87,116
1365,283,28,243
1366,283,72,83
1367,283,73,83
1368,283,74,83
1369,283,75,83
1370,283,88,74
1371,283,92,74
1372,284,-277,243
1373,284,-276,50
1374,284,-272,50
1375,284,-271,243
1376,284,-216,116
1377,284,-121,243
1378,284,-120,243
1379,284,-116,243
1380,284,-115,243
1381,284,87,111
1382,284,93,111
1383,284,133,74
1384,284,134,74
1385,284,135,74
1386,284,137,74
1387,284,138,74
1388,284,139,74
1389,285,-277,243
1390,285,-276,243
1391,285,-272,243
1392,285,-271,243
1393,285,-212,20
1394,285,-211,20
1395,285,-197,20
1396,285,-122,50
1397,285,-114,50
1398,285,-95,116
1399,285,-89,116
1400,285,-86,116
1401,285,-21,74
1402,285,-6,206
1403,285,26,243
1404,285,136,74
1405,286,-278,50
1406,286,-270,50
1407,286,-217,74
1408,286,-197,20
1409,286,-87,116
1410,286,4,20
1411,286,82,116
1412,286,136,74
1413,287,-238,70
1414,287,-237,70
1415,287,-227,70
1416,287,-88,116
1417,287,-85,116
1418,287,-5,206
1419,287,4,20
1420,287,136,74
1421,287,149,100
1422,288,-254,70
1423,288,-253,70
1424,288,-249,243
1425,288,-245,243
1426,288,-244,243
1427,288,-238,70
1428,288,-168,70
1429,288,-165,70
1430,288,-164,70
1431,288,-4,206
1432,288,14,74
1433,288,20,74
1434,288,105,243
1435,288,150,100
1436,289,-254,70
1437,289,-249,243
1438,289,-245,243
1439,289,-244,243
1440,289,-240,70
1441,289,-239,70
1442,289,-238,70
1443,289,-188,20
1444,289,-187,20
1445,289,-77,166
1446,289,-9,50
1447,289,15,74
1448,289,19,74
1449,289,64,20
1450,289,98,243
1451,289,99,243
1452,289,103,243
1453,289,104,243
1454,289,126,116
1455,289,151,100
1456,290,-260,116
1457,290,-257,116
1458,290,-256,116
1459,290,-252,116
1460,290,-249,116
1461,290,-223,50
1462,290,-215,50
1463,290,-142,100
1464,290,-77,166
1465,290,4,20
1466,290,17,116
1467,290,64,20
1468,290,98,243
1469,290,99,243
1470,290,103,243
1471,290,104,243
1472,290,126,116
1473,291,-247,243
1474,291,-222,90
1475,291,-221,90
1476,291,-217,90
1477,291,-216,90
1478,291,-159,20
1479,291,-158,20
1480,291,-155,20
1481,291,-154,20
1482,291,-153,20
1483,291,-141,100
1484,291,-128,50
1485,291,-77,166
1486,291,4,20
1487,291,16,116
1488,291,18,116
1489,292,-274,20
1490,292,-273,20
1491,292,-272,20
1492,292,-269,20
1493,292,-268,20
1494,292,-250,116
1495,292,-222,90
1496,292,-221,50
1497,292,-217,50
1498,292,-216,90
1499,292,-140,100
1500,292,-77,166
1501,292,4,20
1502,292,17,116
1503,292,101,243
1504,292,124,116
1505,292,126,116
1506,292,127,116
1507,292,133,243
1508,292,134,243
1509,293,-279,50
1510,293,-245,243
1511,293,-244,243
1512,293,-200,83
1513,293,-184,83
1514,293,-183,83
1515,293,-182,83
1516,293,-181,83
1517,293,-139,100
1518,293,-13,50
1519,293,15,74
1520,293,19,74
1521,293,81,70
1522,293,82,70
1523,293,83,70
1524,293,84,70
1525,293,93,74
1526,293,133,243
1527,293,134,243
1528,293,285,70
1529,294,-278,243
1530,294,-277,243
1531,294,-245,243
1532,294,-244,243
1533,294,-219,50
1534,294,-200,83
1535,294,-184,83
1536,294,-138,100
1537,294,20,74
1538,294,73,111
1539,294,79,70
1540,294,84,70
1541,294,93,74
1542,294,98,243
1543,294,99,243
1544,294,103,243
1545,294,104,243
1546,294,115,20
1547,294,116,20
1548,294,119,20
1549,294,120,20
1550,294,121,20
1551,294,124,116
1552,294,135,243
1553,295,-278,243
1554,295,-277,50
1555,295,-250,116
1556,295,-200,83
1557,295,-199,83
1558,295,-198,83
1559,295,-197,83
1560,295,-184,83
1561,295,-82,20
1562,295,58,74
1563,295,84,70
1564,295,93,74
1565,295,98,243
1566,295,99,243
1567,295,124,116
1568,296,-250,116
1569,296,-222,90
1570,296,-221,50
1571,296,-217,50
1572,296,-216,90
1573,296,-121,116
1574,296,-107,70
1575,296,-106,70
1576,296,-98,50
1577,296,-90,50
1578,296,-82,20
1579,296,57,74
1580,296,97,243
1581,297,-222,90
1582,297,-221,90
1583,297,-217,90
1584,297,-216,90
1585,297,-107,70
1586,297,-97,243
1587,297,-96,243
1588,297,-92,243
1589,297,-91,243
1590,297,-10,83
1591,297,-9,83
1592,297,-8,83
1593,297,-7,83
1594,297,1,74
1595,297,109,116
1596,298,-215,50
1597,298,-211,83
1598,298,-108,70
1599,298,-107,70
1600,298,-97,243
1601,298,-96,50
1602,298,-92,50
1603,298,-91,243
1604,298,-7,83
1605,298,2,74
1606,298,56,116
1607,298,109,116
1608,299,-250,116
1609,299,-211,83
1610,299,-190,116
1611,299,-189,116
1612,299,-118,83
1613,299,-82,20
1614,299,5,83
1615,299,6,83
1616,299,7,83
1617,299,8,83
1618,299,55,116
1619,300,-167,50
1620,300,-118,83
1621,300,-94,50
1622,300,-82,20
1623,300,5,83
1624,300,57,74
1625,300,107,116
1626,300,109,116
1627,300,110,116
1628,301,-237,70
1629,301,-236,70
1630,301,-235,70
1631,301,-234,70
1632,301,-231,70
1633,301,-169,90
1634,301,-168,90
1635,301,-138,243
1636,301,-118,83
1637,301,-117,83
1638,301,-116,83
1639,301,-115,83
1640,301,-82,20
1641,301,5,83
1642,301,58,74
1643,302,-250,116
1644,302,-225,206
1645,302,-224,206
1646,302,-169,50
1647,302,-168,90
1648,302,-144,243
1649,302,-140,243
1650,302,-139,243
1651,302,-97,243
1652,302,-96,50
1653,302,-92,50
1654,302,-91,243
1655,302,86,100
1656,302,107,116
1657,303,-224,206
1658,303,-202,100
1659,303,-154,20
1660,303,-140,243
1661,303,-139,243
1662,303,-121,116
1663,303,-118,116
1664,303,-97,243
1665,303,-96,243
1666,303,-92,243
1667,303,-91,243
1668,303,76,70
1669,303,87,100
1670,303,107,116
1671,304,-224,206
1672,304,-203,100
1673,304,-171,50
1674,304,-154,20
1675,304,-90,50
1676,304,88,100
1677,305,-259,74
1678,305,-213,111
1679,305,-204,100
1680,305,-132,20
1681,305,-131,20
1682,305,-130,20
1683,305,-127,20
1684,305,-126,20
1685,305,-119,116
1686,305,89,100
1687,306,-246,20
1688,306,-226,206
1689,306,-214,74
1690,306,-205,100
1691,306,96,20
1692,306,97,20
1693,306,98,20
1694,307,-239,20
1695,307,-238,20
1696,307,-235,20
1697,307,-234,20
1698,307,-233,20
1699,307,-154,20
1700,307,-138,116
1701,307,-106,74
1702,308,-228,206
1703,308,-215,116
1704,308,-184,70
1705,308,-154,20
1706,308,-119,116
1707,308,-106,74
1708,309,-184,70
1709,309,-154,20
1710,309,-119,116
1711,309,-106,74
1712,309,-89,116
1713,310,-269,74
1714,310,-263,74
1715,310,-254,74
1716,310,-227,206
1717,310,-214,74
1718,310,-184,70
1719,310,-109,74
1720,310,-108,74
1721,310,-107,74
1722,310,-105,74
1723,310,-104,74
1724,310,-103,74
1725,310,65,116
1726,311,-276,83
1727,311,-268,74
1728,311,-264,74
1729,311,-226,206
1730,311,-223,206
1731,311,-213,111
1732,311,-138,50
1733,311,-106,74
1734,312,-276,83
1735,312,-266,116
1736,312,-202,83
1737,312,-184,70
1738,312,-140,90
1739,312,-139,90
1740,312,-106,74
1741,312,63,116
1742,312,65,116
1743,312,66,116
1744,312,74,100
1745,313,-267,116
1746,313,-266,116
1747,313,-265,116
1748,313,-230,206
1749,313,-202,83
1750,313,-184,70
1751,313,-140,50
1752,313,-139,90
1753,313,-106,74
1754,313,84,206
1755,314,-266,116
1756,314,-159,90
1757,314,-158,90
1758,314,-154,90
1759,314,-146,20
1760,314,-127,74
1761,314,-121,74
1762,314,63,116
1763,314,84,206
1764,315,-268,74
1765,315,-264,74
1766,315,-230,206
1767,315,-228,206
1768,315,-175,74
1769,315,-166,100
1770,315,-159,90
1771,315,-158,50
1772,315,-154,50
1773,315,-146,20
1774,315,-126,74
1775,315,-122,74
1776,315,63,116
1777,316,-269,74
1778,316,-263,74
1779,316,-165,100
1780,316,-125,74
1781,316,-123,74
1782,316,-96,116
1783,316,-93,116
1784,316,83,206
1785,316,84,206
1786,316,86,206
1787,317,-236,116
1788,317,-230,206
1789,317,-210,100
1790,317,-156,50
1791,317,-140,50
1792,317,-139,90
1793,318,-238,74
1794,318,-230,206
1795,318,-146,20
1796,318,-140,90
1797,318,-139,90
1798,318,-125,74
1799,318,-123,74
1800,318,64,116
1801,318,65,116
1802,318,69,116
1803,318,72,116
1804,318,84,206
1805,319,-254,70
1806,319,-253,70
1807,319,-252,70
1808,319,-251,70
1809,319,-248,70
1810,319,-247,70
1811,319,-203,111
1812,319,-197,111
1813,319,-183,70
1814,319,-159,90
1815,319,-158,50
1816,319,-154,50
1817,319,-146,20
1818,319,-138,50
1819,319,-126,74
1820,319,-122,74
1821,320,-202,74
1822,320,-198,74
1823,320,-183,70
1824,320,-159,90
1825,320,-158,90
1826,320,-154,90
1827,320,-146,20
1828,320,-127,74
1829,320,-121,74
1830,320,-90,70
1831,320,-89,70
1832,320,71,116
1833,320,76,83
1834,320,77,83
1835,320,78,83
1836,320,79,83
1837,321,-200,116
1838,321,-183,70
1839,321,-160,50
1840,321,-113,74
1841,321,164,50
1842,322,-271,70
1843,322,-201,116
1844,322,-199,116
1845,322,-115,116
1846,322,79,83
1847,323,-271,70
1848,323,-262,166
1849,323,-200,116
1850,323,-183,70
1851,323,-114,116
1852,323,71,116
1853,323,158,50
1854,324,-237,50
1855,324,-202,74
1856,324,-198,74
1857,324,-183,70
1858,324,-173,111
1859,324,-162,206
1860,324,-115,116
1861,324,71,116
1862,325,-203,111
1863,325,-197,111
1864,325,-172,74
1865,325,-168,74
1866,325,-162,206
1867,325,-149,83
1868,325,-117,74
1869,326,-170,116
1870,326,-118,111
1871,326,71,116
1872,327,-270,50
1873,327,-262,50
1874,327,-253,83
1875,327,-252,83
1876,327,-251,83
1877,327,-237,116
1878,327,-171,116
1879,327,-169,116
1880,327,-163,206
1881,327,-162,206
1882,327,-160,206
1883,327,-130,100
1884,327,-101,20
1885,327,-100,20
1886,327,-99,20
1887,328,-269,90
1888,328,-268,90
1889,328,-264,90
1890,328,-263,90
1891,328,-237,116
1892,328,-170,116
1893,328,-129,100
1894,329,-269,90
1895,329,-268,50
1896,329,-264,50
1897,329,-263,90
1898,329,-227,111
1899,329,-216,111
1900,329,-172,74
1901,329,-168,74
1902,329,-162,206
1903,330,-237,116
1904,330,-236,116
1905,330,-228,74
1906,330,-215,74
1907,330,-195,116
1908,330,-192,116
1909,330,-173,111
1910,330,-162,206
1911,331,-266,50
1912,331,-230,116
1913,331,-213,116
1914,331,-187,83
1915,331,-113,206
1916,331,-112,206
1917,332,-231,116
1918,332,-229,116
1919,332,-214,116
1920,332,-112,206
1921,332,-19,74
1922,333,-269,90
1923,333,-268,50
1924,333,-264,50
1925,333,-263,90
1926,333,-230,116
1927,333,-213,116
1928,333,-208,74
1929,333,-202,74
1930,333,-112,206
1931,333,-102,83
1932,333,-101,83
1933,333,-100,83
1934,333,-99,83
1935,333,-21,116
1936,334,-269,90
1937,334,-268,90
1938,334,-264,90
1939,334,-263,90
1940,334,-228,74
1941,334,-215,74
1942,334,-207,74
1943,334,-203,74
1944,334,-102,83
1945,334,-22,116
1946,334,-21,116
1947,334,-20,116
1948,335,-270,50
1949,335,-262,50
1950,335,-257,70
1951,335,-256,70
1952,335,-255,70
1953,335,-254,70
1954,335,-248,20
1955,335,-247,20
1956,335,-246,20
1957,335,-243,20
1958,335,-242,20
1959,335,-227,111
1960,335,-216,111
1961,335,-205,116
1962,335,-114,206
1963,335,-102,83
1964,335,-21,116
1965,336,-206,116
1966,336,-204,116
1967,336,-148,116
1968,336,-23,74
1969,336,-19,74
1970,336,-10,50
1971,336,67,83
1972,336,68,83
1973,337,-205,116
1974,337,-155,100
1975,337,-116,206
1976,337,-24,74
1977,337,-18,74
1978,338,-207,74
1979,338,-203,74
1980,338,-161,83
1981,338,-154,100
1982,339,-268,74
1983,339,-208,74
1984,339,-202,74
1985,339,-153,100
1986,339,-125,83
1987,339,-115,206
1988,340,-259,74
1989,340,-161,83
1990,340,-125,83
1991,340,-114,206
1992,340,-111,206
1993,341,-259,74
1994,341,-195,74
1995,341,-183,83
1996,341,-126,83
1997,341,-125,83
1998,342,-218,166
1999,342,-196,74
2000,342,-183,83
2001,342,-145,74
2002,342,-139,74
2003,343,-218,166
2004,343,-213,166
2005,343,-183,83
2006,343,-182,83
2007,343,-181,83
2008,343,-180,83
2009,343,-144,74
2010,343,-140,74
2011,344,-258,206
2012,344,-218,166
2013,344,-215,166
2014,344,-211,166
2015,344,-198,116
2016,344,-165,116
2017,344,-142,116
2018,344,-10,50
2019,345,-258,206
2020,345,-223,20
2021,345,-222,20
2022,345,-218,166
2023,345,-198,116
2024,345,-143,116
2025,345,-142,116
2026,345,-141,116
2027,345,-105,83
2028,345,-20,206
2029,345,-15,83
2030,345,-14,83
2031,345,285,116
2032,346,-200,74
2033,346,-164,116
2034,346,-142,116
2035,346,-43,116
2036,346,-40,116
2037,347,-259,206
2038,347,-258,206
2039,347,-256,206
2040,347,-236,74
2041,347,-215,166
2042,347,-212,166
2043,347,-201,74
2044,347,-144,74
2045,347,-140,74
2046,347,-105,83
2047,347,140,83
2048,348,-145,74
2049,348,-139,74
2050,348,-41,116
2051,348,-4,74
2052,349,-212,166
2053,349,-211,166
2054,349,-206,74
2055,349,-124,111
2056,349,-30,74
2057,350,-159,74
2058,350,-125,74
2059,351,-250,70
2060,351,-218,20
2061,351,-215,70
2062,351,-214,70
2063,351,-213,70
2064,351,-212,70
2065,351,-195,70
2066,351,-194,70
2067,351,-193,70
2068,351,-192,70
2069,351,-189,70
2070,351,-188,70
2071,351,-180,116
2072,351,-157,179
2073,351,-127,116
2074,351,-112,70
2075,351,-111,70
2076,351,-41,116
2077,351,-36,74
2078,352,-250,70
2079,352,-218,20
2080,352,-204,179
2081,352,-203,179
2082,352,-202,179
2083,352,-181,116
2084,352,-179,116
2085,352,-158,179
2086,352,-157,179
2087,352,-156,179
2088,352,-112,70
2089,352,-41,116
2090,352,-37,74
2091,352,-13,243
2092,352,54,74
2093,353,-250,70
2094,353,-203,179
2095,353,-180,116
2096,353,-157,179
2097,353,-150,70
2098,353,-149,70
2099,353,-148,70
2100,353,-114,70
2101,353,-113,70
2102,353,-112,70
2103,353,52,116
2104,354,-205,74
2105,354,-201,74
2106,354,-182,74
2107,354,-178,74
2108,354,-84,70
2109,354,-38,179
2110,354,-22,100
2111,354,52,116
2112,354,53,116
2113,355,-238,70
2114,355,-237,70
2115,355,-236,70
2116,355,-235,70
2117,355,-232,70
2118,355,-231,70
2119,355,-206,74
2120,355,-200,74
2121,355,-183,74
2122,355,-177,74
2123,355,-53,100
2124,355,-41,116
2125,355,-30,74
2126,355,-21,100
2127,355,52,116
2128,355,285,74
2129,356,-83,70
2130,356,-54,100
2131,356,-37,74
2132,356,-20,100
2133,356,54,74
2134,357,-214,74
2135,357,-133,20
2136,357,-132,20
2137,357,-129,20
2138,357,-128,20
2139,357,-127,20
2140,357,-55,100
2141,357,-36,74
2142,357,-19,100
2143,357,55,74
2144,358,-213,74
2145,358,-56,100
2146,358,-18,100
2147,359,-221,70
2148,359,-220,70
2149,359,-166,83
2150,359,-8,83
2151,359,-7,83
2152,359,-6,83
2153,359,285,74
2154,360,-221,70
2155,360,-209,70
2156,360,-166,83
2157,360,-121,100
2158,360,-6,83
2159,361,-223,70
2160,361,-222,70
2161,361,-221,70
2162,361,-209,70
2163,361,-166,83
2164,361,-165,83
2165,361,-164,83
2166,361,-163,83
2167,361,-154,166
2168,361,-122,100
2169,361,-74,74
2170,361,-6,83
2171,362,-213,74
2172,362,-209,70
2173,362,-156,166
2174,362,-152,166
2175,362,-123,100
2176,362,-32,50
2177,362,-6,83
2178,363,-214,74
2179,363,-187,20
2180,363,-186,20
2181,363,-185,20
2182,363,-182,20
2183,363,-181,20
2184,363,-124,100
2185,363,-47,83
2186,363,-46,83
2187,363,-45,83
2188,363,-44,83
2189,363,-34,90
2190,363,-33,90
2191,364,-209,70
2192,364,-47,83
2193,364,-34,50
2194,364,-33,90
2195,365,-209,70
2196,365,-169,70
2197,365,-156,166
2198,365,-153,166
2199,365,-78,74
2200,365,-72,74
2201,365,-47,83
2202,366,-169,70
2203,366,-63,20
2204,366,-62,20
2205,366,-59,20
2206,366,-58,20
2207,366,-57,20
2208,366,-36,50
2209,366,-24,74
2210,367,-153,166
2211,367,-152,166
2212,367,-151,166
2213,367,-150,166
2214,367,-23,74
2215,368,-140,50
2216,368,-50,111
2217,368,-34,50
2218,368,-33,90
2219,368,9,206
2220,368,10,206
2221,369,-180,100
2222,369,-34,90
2223,369,-33,90
2224,369,-22,116
2225,369,-20,116
2226,369,10,206
2227,369,30,70
2228,370,-181,100
2229,370,-172,83
2230,370,-21,116
2231,370,10,206
2232,371,-195,100
2233,371,-182,100
2234,371,-172,83
2235,371,-19,74
2236,371,1,83
2237,371,3,83
2238,371,30,70
2239,372,-202,116
2240,372,-201,116
2241,372,-197,116
2242,372,-194,116
2243,372,-183,100
2244,372,-172,83
2245,372,-155,74
2246,372,-149,74
2247,372,-138,50
2248,372,-130,50
2249,372,-18,74
2250,372,30,70
2251,373,-184,100
2252,373,-154,74
2253,373,-150,74
2254,373,-137,90
2255,373,-136,90
2256,373,-132,90
2257,373,-131,90
2258,373,-81,20
2259,373,-80,20
2260,373,1,83
2261,374,-195,116
2262,374,-152,179
2263,374,-137,90
2264,374,-136,50
2265,374,-132,50
2266,374,-131,90
2267,374,-33,74
2268,374,-27,74
2269,375,-175,111
2270,375,-153,179
2271,375,-152,179
2272,375,-151,179
2273,375,-125,116
2274,375,-32,74
2275,375,-28,74
2276,375,-4,116
2277,375,10,50
2278,376,-152,179
2279,376,-134,50
2280,376,-75,111
2281,376,-69,111
2282,376,-31,74
2283,376,-29,74
2284,376,8,243
2285,376,9,243
2286,377,-74,74
2287,377,-70,74
2288,377,-17,70
2289,377,-6,116
2290,377,-3,116
2291,377,8,50
2292,377,9,243
2293,377,45,116
2294,378,-137,90
2295,378,-136,50
2296,378,-132,50
2297,378,-131,90
2298,378,-92,83
2299,378,-91,83
2300,378,-90,83
2301,378,-72,116
2302,378,-57,111
2303,378,-51,111
2304,378,-31,74
2305,378,-29,74
2306,378,-17,70
2307,378,-16,70
2308,378,-15,70
2309,378,-4,116
2310,378,44,116
2311,378,46,116
2312,379,-163,100
2313,379,-150,206
2314,379,-137,90
2315,379,-136,90
2316,379,-132,90
2317,379,-131,90
2318,379,-73,116
2319,379,-71,116
2320,379,-56,74
2321,379,-52,74
2322,379,-32,74
2323,379,-28,74
2324,379,-15,70
2325,379,-5,116
2326,379,-2,116
2327,379,17,83
2328,379,18,83
2329,379,19,83
2330,379,20,83
2331,379,45,116
2332,380,-162,100
2333,380,-150,206
2334,380,-138,50
2335,380,-130,50
2336,380,-72,116
2337,380,-44,83
2338,380,-33,74
2339,380,-27,74
2340,380,-15,70
2341,380,17,83
2342,380,43,74
2343,380,47,74
2344,381,-161,100
2345,381,-74,74
2346,381,-70,74
2347,381,8,50
2348,381,9,243
2349,381,17,83
2350,381,27,74
2351,381,42,74
2352,382,-160,100
2353,382,-151,206
2354,382,-150,206
2355,382,-148,206
2356,382,-75,111
2357,382,-69,111
2358,382,8,243
2359,382,9,243
2360,383,-159,100
2361,383,-52,74
2362,383,-21,70
2363,383,-7,90
2364,383,-6,90
2365,383,-2,90
2366,383,-1,90
2367,383,10,50
2368,384,-150,206
2369,384,-136,206
2370,384,-51,111
2371,384,-45,50
2372,384,-37,50
2373,384,-21,70
2374,384,-7,90
2375,384,-6,50
2376,384,-2,50
2377,384,-1,90
2378,385,-150,206
2379,385,-62,83
2380,385,-44,243
2381,385,-43,243
2382,385,-39,243
2383,385,-38,243
2384,386,-170,166
2385,386,-138,206
2386,386,-62,83
2387,386,-44,243
2388,386,-43,50
2389,386,-39,50
2390,386,-38,243
2391,386,31,74
2392,386,49,83
2393,386,51,83
2394,387,-77,70
2395,387,-59,83
2396,387,30,74
2397,388,-137,206
2398,388,-100,83
2399,388,-92,70
2400,388,-77,70
2401,388,-76,70
2402,388,-75,70
2403,388,-41,50
2404,388,-31,83
2405,388,-30,83
2406,388,-29,83
2407,388,27,74
2408,388,29,74
2409,388,49,83
2410,389,-158,70
2411,389,-136,206
2412,389,-133,206
2413,389,-92,70
2414,389,-75,70
2415,390,-160,70
2416,390,-159,70
2417,390,-158,70
2418,390,-92,70
2419,390,-75,70
2420,390,-44,243
2421,390,-43,50
2422,390,-39,50
2423,390,-38,243
2424,390,-10,74
2425,390,-4,74
2426,390,19,50
2427,390,27,74
2428,390,29,74
2429,390,38,70
2430,390,39,70
2431,390,44,116
2432,391,-167,243
2433,391,-137,74
2434,391,-133,74
2435,391,-44,243
2436,391,-43,243
2437,391,-39,243
2438,391,-38,243
2439,391,-9,74
2440,391,-5,74
2441,391,18,90
2442,391,26,74
2443,392,-169,243
2444,392,-168,243
2445,392,-145,74
2446,392,-138,74
2447,392,-132,74
2448,392,-92,70
2449,392,-83,83
2450,392,-51,166
2451,392,-45,50
2452,392,-37,50
2453,392,-7,116
2454,392,18,90
2455,392,25,74
2456,392,42,116
2457,392,45,116
2458,393,-169,243
2459,393,-168,243
2460,393,-92,70
2461,393,-70,70
2462,393,-69,70
2463,393,-68,70
2464,393,-67,70
2465,393,-51,166
2466,393,-33,74
2467,393,44,116
2468,394,-162,50
2469,394,-154,50
2470,394,-103,111
2471,394,-86,83
2472,394,-67,70
2473,394,-51,166
2474,394,43,116
2475,394,46,116
2476,395,-161,243
2477,395,-160,243
2478,395,-156,243
2479,395,-155,243
2480,395,-104,74
2481,395,-55,83
2482,395,-51,166
2483,396,-161,243
2484,396,-160,50
2485,396,-106,116
2486,396,-55,83
2487,396,-54,83
2488,397,-107,116
2489,397,-105,116
2490,397,-48,166
2491,397,-45,166
2492,397,-37,74
2493,397,-35,74
2494,398,-158,50
2495,398,-151,116
2496,398,-106,116
2497,398,-38,74
2498,398,-34,74
2499,398,58,116
2500,399,-151,116
2501,399,-108,74
2502,399,-104,74
2503,399,-45,166
2504,399,-44,166
2505,399,-39,74
2506,399,44,116
2507,400,-161,243
2508,400,-160,50
2509,400,-109,111
2510,400,-103,111
2511,400,-71,100
2512,400,44,116
2513,400,56,116
2514,400,59,116
2515,401,-161,243
2516,401,-160,243
2517,401,-153,116
2518,401,-151,116
2519,401,-72,100
2520,401,58,116
2521,402,-162,50
2522,402,-97,116
2523,402,-81,74
2524,402,-80,74
2525,402,-79,74
2526,402,-73,100
2527,402,57,116
2528,402,60,116
2529,403,-153,116
2530,403,-95,116
2531,403,-87,166
2532,404,-153,116
2533,404,-87,166
2534,404,-55,243
2535,404,-54,243
2536,404,-50,243
2537,404,-49,243
2538,405,-147,70
2539,405,-146,70
2540,405,-145,70
2541,405,-90,74
2542,405,-87,166
2543,405,-56,50
2544,405,-45,100
2545,406,-147,70
2546,406,-87,166
2547,407,-148,70
2548,407,-147,70
2549,407,-106,100
2550,408,-105,100
2551,408,58,74
2552,408,64,74
2553,409,-158,83
2554,409,-104,100
2555,409,-49,116
2556,409,59,74
2557,409,63,74
2558,410,-103,100
2559,410,-79,83
2560,410,-78,83
2561,410,-77,83
2562,410,-76,83
2563,410,61,179
2564,411,-156,83
2565,411,-126,83
2566,411,-121,74
2567,411,-114,74
2568,411,-102,100
2569,411,-90,74
2570,411,-79,83
2571,411,61,179
2572,411,62,179
2573,412,-156,83
2574,412,-120,74
2575,412,-79,83
2576,412,-59,100
2577,413,-58,100
2578,414,-119,179
2579,414,-57,100
2580,415,-56,100
2581,416,-116,74
2582,416,-65,116
2583,416,-55,100
2584,417,-115,74
2585,418,-67,116
2586,418,-64,116
2587,419,-65,116
2588,420,-66,116
2589,420,-63,116
2590,421,-104,83
2591,421,-103,83
2592,421,-102,83
2593,421,-101,83
2594,422,-128,74
2595,422,-122,74
2596,422,-101,83
2597,422,-83,70
2598,423,-127,74
2599,423,-123,74
2600,423,-101,83
2601,423,-83,70
2602,423,-80,83
2603,423,-79,83
2604,423,-78,83
2605,423,-77,83
2606,423,285,206
2607,424,-125,116
2608,424,-89,116
2609,424,-83,70
2610,424,-77,83
2611,424,285,206
2612,425,-126,116
2613,425,-124,116
2614,425,-116,20
2615,425,-115,20
2616,425,-114,20
2617,425,-111,20
2618,425,-110,20
2619,425,-89,116
2620,425,-77,83
2621,425,285,206
2622,426,-125,116
2623,427,-133,206
2624,427,-127,74
2625,427,-123,74
2626,427,-89,116
2627,427,-88,116
2628,428,-128,74
2629,428,-122,74
2630,428,-7,70
2631,428,-6,70
2632,428,-5,70
2633,429,-69,100
2634,430,-68,100
2635,431,-106,74
2636,431,-90,206
2637,431,-67,100
2638,431,-55,74
2639,432,-90,206
2640,432,-66,100
2641,433,-65,100
2642,433,-23,20
2643,433,-19,70
2644,434,-91,206
2645,434,-90,206
2646,434,-88,206
2647,434,-19,70
2648,434,-8,116
2649,434,-5,116
2650,434,-4,116
2651,434,0,116
2652,434,3,116
2653,435,-123,83
2654,435,-99,116
2655,435,5,206
2656,436,-123,83
2657,436,-100,116
2658,436,-99,116
2659,436,-98,116
2660,436,-90,206
2661,436,2,116
2662,437,-126,83
2663,437,-125,83
2664,437,-124,83
2665,437,-123,83
2666,437,-99,116
2667,437,-90,206
2668,437,-38,116
2669,439,-66,206
2670,440,-113,83
2671,440,-82,83
2672,440,-81,83
2673,441,-81,83
2674,442,-113,83
2675,442,-81,83
2676,443,-81,83
2677,443,-74,83
2678,443,-73,83
2679,444,-56,100
2680,444,-44,243
2681,445,-133,166
2682,445,-102,20
2683,445,-55,100
2684,445,-46,243
2685,445,-45,243
2686,446,-120,116
2687,446,-117,116
2688,446,-102,20
2689,446,-54,100
2690,446,-46,243
2691,446,-45,243
2692,447,-118,116
2693,448,-119,116
2694,448,-116,116
2695,448,-90,70
2696,448,-48,243
2697,448,-33,83
2698,448,-32,83
2699,449,-102,20
2700,449,-94,74
2701,449,-93,74
2702,449,-90,70
2703,449,-89,70
2704,449,-88,70
2705,450,-126,70
2706,450,-125,70
2707,450,-102,20
2708,450,-88,70
2709,450,-46,243
2710,450,-45,243
2711,451,-126,70
2712,451,-102,20
2713,451,-88,70
2714,451,-46,243
2715,451,-45,243
2716,452,-128,70
2717,452,-127,70
2718,452,-126,70
2719,452,-62,74
2720,452,-56,74
2721,452,-52,243
2722,452,-44,243
2723,453,-61,74
2724,453,-57,74
2725,456,-106,116
2726,457,-100,83
2727,458,-108,116
2728,458,-106,116
2729,458,-105,116
2730,458,-62,74
2731,458,-57,74
2732,458,-51,74
2733,459,-56,74
2734,459,-52,74
2735,460,-108,116
2736,460,-55,74
2737,460,-53,74
2738,461,-113,100
2739,461,-108,116
2740,461,33,83
2741,462,-114,100
2742,462,-55,74
2743,462,-53,74
2744,462,33,83
2745,463,-131,74
2746,463,-126,111
2747,463,-120,111
2748,463,-56,74
2749,463,-52,74
2750,463,14,116
2751,463,17,116
2752,464,-125,74
2753,464,-121,74
2754,464,-100,83
2755,464,-99,83
2756,464,-98,83
2757,464,-97,83
2758,464,-65,116
2759,464,-57,74
2760,464,-51,74
2761,464,-36,20
2762,464,-35,20
2763,464,-34,20
2764,464,-31,20
2765,464,-30,20
2766,464,-2,206
2767,464,-1,206
2768,464,16,116
2769,465,-123,116
2770,465,-100,83
2771,465,-16,83
2772,465,-1,206
2773,465,15,116
2774,465,18,116
2775,466,-124,116
2776,466,-122,116
2777,466,-100,83
2778,466,-16,83
2779,466,-1,206
2780,467,-123,116
2781,468,-133,74
2782,468,-125,74
2783,468,-121,74
2784,468,-79,74
2785,468,-44,83
2786,469,-132,74
2787,469,-126,111
2788,469,-120,111
2789,469,-78,74
2790,469,-44,83
2791,470,-76,179
2792,470,-51,74
2793,470,-47,83
2794,470,-46,83
2795,470,-45,83
2796,470,-44,83
2797,471,-131,116
2798,471,-112,74
2799,471,-77,179
2800,471,-76,179
2801,471,-75,179
2802,471,-52,74
2803,472,-113,74
2804,472,-76,179
2805,473,-132,74
2806,473,-78,74
2807,473,-74,74
2808,473,285,70
2809,474,-133,74
2810,474,-127,74
2811,474,-116,116
2812,474,-115,116
2813,474,-114,116
2814,474,-104,116
2815,474,-101,116
2816,474,-100,116
2817,474,-79,74
2818,475,-115,116
2819,476,-117,74
2820,476,-113,74
2821,476,-54,74
2822,477,-118,74
2823,477,-112,74
2824,477,-53,74
2825,478,-49,166
2826,479,-53,74
2827,479,-49,166
2828,479,-44,166
2829,480,-54,74
2830,480,-49,166
2831,480,-46,166
2832,480,-42,166
2833,481,-55,74
2834,481,-49,166
2835,483,-146,74
2836,483,-117,74
2837,483,-115,74
2838,483,-46,166
2839,483,-43,166
2840,484,-147,74
2841,484,-118,74
2842,484,-114,74
2843,485,-113,74
2844,485,-43,166
2845,485,-42,166
2846,485,-41,166
2847,485,-40,166
2848,486,-127,243
2849,486,-117,116
2850,486,-114,116
2851,487,-129,243
2852,487,-128,243
2853,487,-106,74
2854,488,-129,243
2855,488,-128,243
2856,488,-115,116
2857,488,-42,83
2858,490,-112,83
2859,490,-42,83
2860,491,-115,116
2861,491,-112,83
2862,492,-128,243
2863,492,-115,116
2864,492,-49,50
2865,492,285,83
2866,493,-51,243
2867,493,-50,243
2868,493,-29,20
2869,493,-28,20
2870,493,-25,20
2871,493,-24,20
2872,493,-23,20
2873,493,-15,83
2874,494,-127,243
2875,494,-105,83
2876,494,-51,50
2877,494,-50,243
2878,494,-17,83
2879,494,-16,83
2880,494,-15,83
2881,496,-53,50
2882,496,-45,116
2883,497,-159,206
2884,497,-156,206
2885,497,-20,70
2886,498,-55,50
2887,498,-51,50
2888,498,-50,243
2889,498,-20,70
2890,498,-10,74
2891,499,-55,243
2892,499,-51,243
2893,499,-50,243
2894,499,-20,70
2895,499,107,116
2896,500,-161,100
2897,500,-57,50
2898,500,-49,50
2899,501,-162,100
2900,501,-114,83
2901,501,108,116
2902,502,-163,100
2903,502,-114,83
2904,502,-2,83
2905,503,-114,83
2906,503,-37,20
2907,503,-26,70
2908,504,-116,83
2909,504,-115,83
2910,504,-114,83
2911,504,-100,70
2912,504,-99,70
2913,504,-95,20
2914,504,-50,206
2915,504,-37,20
2916,505,-124,70
2917,505,-121,166
2918,505,-100,70
2919,505,-34,70
2920,505,-26,70
2921,506,-100,70
2922,506,-34,70
2923,506,-33,70
2924,506,-32,70
2925,506,-26,70
2926,507,-32,70
2927,508,-142,83
2928,508,-32,70
2929,509,-115,166
2930,511,-156,100
2931,511,-112,116
2932,511,285,50
2933,512,-157,100
2934,512,-114,74
2935,512,-52,70
2936,512,-51,70
2937,512,-50,70
2938,512,-49,70
2939,512,-46,70
2940,512,-45,70
2941,513,-145,74
2942,514,-146,74
2943,515,-160,100
2944,516,-147,116
2945,517,108,100
2946,518,-146,74
2947,519,-145,74
2948,522,-139,206
2949,523,-138,206
2950,523,-135,206
2951,524,-150,70
2952,525,-160,116
2953,525,-150,70
2954,526,-160,116
2955,527,-150,70
2956,528,-150,70
2957,528,-140,50
2958,528,108,83
2959,528,109,83
2960,529,-139,90
2961,529,-138,90
2962,529,-134,90
2963,529,108,83
2964,530,-139,90
2965,530,-138,50
2966,530,-134,50
2967,530,-41,179
2968,530,108,83
2969,531,-168,83
2970,531,-167,83
2971,532,-167,83
2972,532,-159,83
2973,532,-136,50
2974,532,-40,74
2975,533,-167,83
2976,533,-159,83
2977,533,-39,74
2978,534,-167,83
2979,534,-159,83
2980,534,-139,90
2981,534,-138,50
2982,534,-134,50
2983,535,-159,83
2984,535,-139,90
2985,535,-138,90
2986,535,-134,90
2987,536,-153,20
2988,536,-152,20
2989,536,-151,20
2990,536,-148,20
2991,536,-147,20
2992,536,-140,50
2993,536,109,74
2994,545,-170,74
2995,546,-171,74
2996,547,-173,179
2997,547,-146,50
2998,547,-145,90
2999,547,-35,111
3000,548,-174,179
3001,548,-173,179
3002,548,-172,179
3003,548,-153,83
3004,548,-146,90
3005,548,-145,90
3006,548,-142,83
3007,548,-141,83
3008,548,-140,83
3009,548,-139,83
3010,548,-34,74
3011,549,-173,179
3012,549,-153,83
3013,549,-142,83
3014,549,-32,116
3015,550,-171,74
3016,550,-156,83
3017,550,-155,83
3018,550,-154,83
3019,550,-153,83
3020,550,-142,83
3021,550,-33,116
3022,551,-170,74
3023,551,-164,83
3024,551,-32,116
3025,551,-29,206
3026,552,-34,74
3027,552,108,74
3028,553,-146,179
3029,555,-145,74
3030,557,109,74
3031,558,-138,74
3032,558,108,74
3033,559,-146,83
3034,559,-144,83
3035,561,-146,83
3036,563,-151,116
3037,565,-172,116
3038,565,-169,116
3039,565,-168,116
3040,565,-153,116
3041,565,-150,116
3042,566,-176,116
3043,566,-151,116
3044,566,-28,83
3045,566,-27,83
3046,566,-26,83
3047,567,-152,116
3048,567,-149,116
3049,569,-158,74
3050,570,-162,116
3051,570,-159,74
3052,571,-162,116
3053,571,-146,90
3054,571,-145,90
3055,571,-141,90
3056,571,-136,83
3057,571,-135,83
3058,571,40,243
3059,572,-147,50
3060,572,-81,116
3061,573,37,243
3062,573,38,243
3063,573,42,243
3064,573,43,243
3065,573,67,100
3066,574,-173,74
3067,574,-162,116
3068,574,-80,116
3069,574,-63,116
3070,574,-61,116
3071,574,-60,116
3072,574,37,243
3073,574,38,243
3074,574,66,100
3075,575,-174,74
3076,575,-99,70
3077,575,-98,70
3078,575,-81,116
3079,575,-35,83
3080,575,36,243
3081,575,44,243
3082,575,65,100
3083,576,-176,179
3084,576,-82,116
3085,576,-79,116
3086,576,-63,116
3087,576,64,100
3088,577,-176,179
3089,577,-175,179
3090,577,-162,116
3091,577,-63,116
3092,577,-40,116
3093,578,-176,179
3094,578,-106,74
3095,578,-24,83
3096,579,-174,74
3097,579,-135,100
3098,579,-55,100
3099,579,-39,116
3100,579,-24,83
3101,579,32,83
3102,579,33,83
3103,579,34,83
3104,579,35,83
3105,580,-173,74
3106,580,-164,74
3107,580,-90,83
3108,580,-88,83
3109,580,-40,116
3110,580,-24,83
3111,580,-23,83
3112,580,-22,83
3113,580,-21,83
3114,580,22,74
3115,580,28,74
3116,580,32,83
3117,580,74,50
3118,581,-167,74
3119,581,-165,74
3120,581,-140,70
3121,581,-139,70
3122,581,-38,116
3123,582,-140,70
3124,582,-96,111
3125,582,-90,83
3126,582,107,74
3127,582,113,74
3128,582,128,70
3129,583,-167,74
3130,583,-165,74
3131,583,-142,70
3132,583,-141,70
3133,583,-140,70
3134,583,-109,74
3135,583,-97,74
3136,583,-87,116
3137,583,108,74
3138,583,112,74
3139,584,-164,74
3140,584,-109,74
3141,584,54,83
3142,584,110,179
3143,585,-169,74
3144,585,-163,74
3145,585,-150,243
3146,585,-109,74
3147,585,-83,20
3148,585,-82,20
3149,585,-81,20
3150,585,-37,83
3151,585,109,179
3152,585,110,179
3153,585,111,179
3154,586,-112,74
3155,586,-111,74
3156,586,-110,74
3157,586,-108,74
3158,586,-107,74
3159,586,-106,74
3160,586,22,74
3161,586,26,20
3162,586,27,20
3163,586,30,20
3164,586,31,20
3165,586,32,20
3166,586,49,116
3167,586,110,179
3168,587,-109,74
3169,587,108,74
3170,587,112,74
3171,588,-109,74
3172,588,-100,20
3173,588,-72,83
3174,588,-71,83
3175,588,-70,83
3176,588,-69,83
3177,588,37,74
3178,588,43,74
3179,588,50,116
3180,588,107,74
3181,588,113,74
3182,589,-109,74
3183,589,-72,83
3184,589,38,74
3185,589,49,116
3186,590,-72,83
3187,590,18,50
3188,590,40,179
3189,590,51,116
3190,590,62,70
3191,591,-26,83
3192,591,19,243
3193,591,20,243
3194,591,39,179
3195,591,40,179
3196,591,41,179
3197,592,-38,243
3198,592,-30,243
3199,592,-26,83
3200,592,19,243
3201,592,20,50
3202,592,40,179
3203,593,-26,83
3204,593,38,74
3205,593,42,74
3206,594,-80,243
3207,594,-26,83
3208,594,22,50
3209,594,37,74
3210,594,43,74
3211,594,118,116
3212,595,-96,70
3213,595,-95,70
3214,595,-94,70
3215,595,-87,243
3216,595,-86,243
3217,595,-82,243
3218,595,-81,243
3219,595,49,74
3220,596,-154,50
3221,596,-146,50
3222,596,-96,70
3223,596,-87,243
3224,596,-86,243
3225,596,-82,243
3226,596,-81,243
3227,596,-49,206
3228,596,-48,206
3229,596,-36,20
3230,596,19,243
3231,596,20,50
3232,596,49,74
3233,596,117,74
3234,597,-153,243
3235,597,-152,243
3236,597,-148,243
3237,597,-147,243
3238,597,-111,116
3239,597,-97,70
3240,597,-96,70
3241,597,-48,206
3242,597,19,243
3243,597,20,243
3244,597,49,74
3245,597,106,83
3246,597,116,74
3247,598,-153,243
3248,598,-152,50
3249,598,-148,50
3250,598,-147,243
3251,598,-134,116
3252,598,-112,116
3253,598,-111,116
3254,598,-110,116
3255,598,-84,243
3256,598,-55,100
3257,598,-48,206
3258,598,24,50
3259,598,50,74
3260,598,52,74
3261,598,106,83
3262,599,-134,116
3263,599,-111,116
3264,599,-65,50
3265,599,-64,90
3266,599,-56,100
3267,599,-36,20
3268,599,37,243
3269,599,41,243
3270,599,49,74
3271,599,106,83
3272,600,-150,50
3273,600,-109,74
3274,600,-87,243
3275,600,-86,243
3276,600,-82,243
3277,600,-81,243
3278,600,-50,206
3279,600,-36,20
3280,600,37,50
3281,600,41,50
3282,600,49,74
3283,600,69,100
3284,600,105,83
3285,600,106,83
3286,601,-136,116
3287,601,-134,116
3288,601,-133,116
3289,601,-108,74
3290,601,-87,243
3291,601,-86,243
3292,601,-82,243
3293,601,-81,243
3294,601,-71,50
3295,601,-36,20
3296,601,49,74
3297,601,68,100
3298,601,285,116
3299,602,-100,74
3300,602,-94,74
3301,602,-88,243
3302,602,-80,243
3303,602,39,50
3304,602,67,100
3305,603,-136,116
3306,603,-63,243
3307,603,-55,243
3308,603,25,20
3309,603,66,100
3310,604,-154,50
3311,604,-136,116
3312,604,-62,243
3313,604,-61,243
3314,604,-57,243
3315,604,-56,243
3316,604,-51,206
3317,604,25,20
3318,604,37,50
3319,604,41,50
3320,604,103,206
3321,604,123,116
3322,604,285,116
3323,605,-62,243
3324,605,-61,243
3325,605,-57,243
3326,605,-56,243
3327,605,-50,206
3328,605,-47,206
3329,605,37,243
3330,605,41,243
3331,606,-149,74
3332,606,-143,74
3333,606,-36,243
3334,606,-35,243
3335,606,43,50
3336,606,101,206
3337,607,-148,74
3338,607,-144,74
3339,607,-59,243
3340,607,123,116
3341,608,-147,74
3342,608,-145,74
3343,608,-80,70
3344,608,-79,70
3345,608,-78,70
3346,608,-77,70
3347,608,-74,70
3348,608,-73,70
3349,608,99,206
3350,608,109,70
3351,608,110,70
3352,608,111,70
3353,608,112,70
3354,608,115,70
3355,608,116,70
3356,609,-62,243
3357,609,-61,243
3358,609,-57,243
3359,609,-56,243
3360,609,-51,74
3361,609,-45,74
3362,610,-159,74
3363,610,-147,74
3364,610,-145,74
3365,610,-62,243
3366,610,-61,243
3367,610,-57,243
3368,610,-56,243
3369,610,-50,74
3370,610,-46,74
3371,611,-158,74
3372,611,-154,74
3373,611,-148,74
3374,611,-144,74
3375,611,-70,74
3376,611,-63,243
3377,611,-55,243
3378,611,-48,179
3379,612,-156,116
3380,612,-149,74
3381,612,-143,74
3382,612,-137,70
3383,612,-136,70
3384,612,-69,74
3385,612,-49,179
3386,612,-48,179
3387,612,-47,179
3388,613,-157,116
3389,613,-156,116
3390,613,-155,116
3391,613,-137,70
3392,614,-156,116
3393,614,-137,70
3394,614,-124,70
3395,614,-123,70
3396,614,-122,70
3397,614,-121,70
3398,614,-84,166
3399,614,-69,74
3400,615,-158,74
3401,615,-121,70
3402,615,-70,74
3403,615,112,206
3404,616,-171,74
3405,616,-159,74
3406,616,-121,70
3407,616,-71,74
3408,616,-60,20
3409,616,112,206
3410,617,-171,74
3411,618,-172,74
3412,618,-170,74
3413,618,-169,74
3414,618,-168,74
3415,618,101,166
3416,618,104,70
3417,618,111,206
3418,618,112,206
3419,618,114,206
3420,619,-171,74
3421,619,104,70
3422,619,105,70
3423,619,106,70
3424,620,-171,74
3425,620,-132,20
3426,620,-131,20
3427,620,-130,20
3428,620,106,70
3429,620,112,206
3430,620,121,70
3431,621,-171,74
3432,621,101,166
3433,621,106,70
3434,621,112,206
3435,622,125,70
3436,622,126,70
3437,622,127,70
3438,623,125,70
3439,624,124,70
3440,624,125,70
3441,625,-147,70
3442,625,-146,70
3443,625,-145,70
3444,626,-147,70
3445,627,-173,74
3446,627,-148,70
3447,627,-147,70
3448,628,-154,70
3449,628,-153,70
3450,628,-152,70
3451,628,108,206
3452,629,-172,116
3453,629,-154,70
3454,629,121,116
3455,630,-166,70
3456,630,-165,70
3457,630,-154,70
3458,630,-131,70
3459,630,-130,70
3460,630,-129,70
3461,630,-128,70
3462,630,-125,70
3463,630,-124,70
3464,631,-173,74
3465,631,-166,70
3466,631,-138,70
3467,631,-137,70
3468,631,-136,70
3469,631,-135,70
3470,631,98,70
3471,631,99,70
3472,632,-174,74
3473,632,-168,70
3474,632,-167,70
3475,632,-166,70
3476,632,-148,50
3477,632,99,70
3478,632,121,116
3479,632,124,243
3480,633,-116,70
3481,633,-115,70
3482,633,-114,70
3483,633,-113,70
3484,633,-110,70
3485,633,-109,70
3486,633,94,83
3487,633,99,70
3488,633,121,116
3489,636,-144,206
3490,636,-143,206
3491,636,121,116
3492,639,-145,116
3493,640,-158,70
3494,640,-157,70
3495,640,-145,116
3496,640,-106,50
3497,640,129,83
3498,641,-158,70
3499,641,-139,70
3500,641,-138,70
3501,641,-137,70
3502,641,129,83
3503,642,-160,70
3504,642,-159,70
3505,642,-158,70
3506,642,-147,116
3507,642,-145,116
3508,642,-144,116
3509,642,-139,70
3510,642,129,83
3511,642,130,83
3512,642,131,83
3513,642,132,83
3514,643,-140,70
3515,643,-139,70
3516,643,118,74
3517,643,124,74
3518,644,-169,116
3519,644,-147,116
3520,644,-127,70
3521,644,119,74
3522,644,123,74
3523,644,285,83
3524,645,-169,116
3525,645,-147,116
3526,645,-127,70
3527,645,-122,83
3528,645,-121,83
3529,645,-120,83
3530,645,94,206
3531,645,121,116
3532,646,-129,70
3533,646,-128,70
3534,646,-127,70
3535,646,-120,83
3536,646,94,206
3537,646,120,116
3538,646,122,116
3539,647,-171,116
3540,647,-169,116
3541,647,-168,116
3542,647,-120,83
3543,647,121,116
3544,648,-120,83
3545,648,119,74
3546,648,123,74
3547,649,-171,116
3548,649,104,116
3549,649,106,116
3550,649,118,74
3551,649,124,74
3552,650,-171,116
3553,650,-139,83
3554,650,111,90
3555,650,112,90
3556,650,137,83
3557,651,-139,83
3558,651,104,116
3559,651,111,90
3560,651,112,50
3561,651,135,83
3562,651,136,83
3563,651,137,83
3564,652,-139,83
3565,652,-138,83
3566,652,-137,83
3567,652,-136,83
3568,652,-110,74
3569,652,104,116
3570,653,-109,74
3571,654,-125,20
3572,654,-124,20
3573,654,-123,20
3574,654,-120,20
3575,654,-119,20
3576,656,108,206
3577,657,108,206
3578,657,136,74
3579,658,-171,243
3580,658,-170,243
3581,658,-166,243
3582,658,-165,243
3583,658,-154,83
3584,658,118,20
3585,658,119,20
3586,658,120,20
3587,658,123,20
3588,658,124,20
3589,658,137,74
3590,659,-171,243
3591,659,-170,243
3592,659,-166,243
3593,659,-165,243
3594,659,-154,83
3595,659,-149,166
3596,659,107,206
3597,659,108,206
3598,659,110,206
3599,659,139,179
3600,659,285,90
3601,660,-172,243
3602,660,-164,243
3603,660,-157,83
3604,660,-156,83
3605,660,-155,83
3606,660,-154,83
3607,660,-149,166
3608,660,-144,166
3609,660,-110,50
3610,660,98,70
3611,660,99,70
3612,660,131,20
3613,660,138,179
3614,660,139,179
3615,660,285,50
3616,661,-149,166
3617,661,-146,166
3618,661,-142,166
3619,661,-112,90
3620,661,-111,90
3621,661,98,70
3622,661,131,20
3623,662,-149,166
3624,662,-112,50
3625,662,-111,90
3626,662,97,70
3627,662,98,70
3628,662,137,74
3629,663,-160,20
3630,663,-131,50
3631,663,136,74
3632,664,-130,243
3633,664,-129,243
3634,664,-125,243
3635,664,-124,243
3636,664,-114,50
3637,664,131,20
3638,664,285,50
3639,665,-167,83
3640,665,-165,83
3641,665,-125,50
3642,665,-124,243
3643,665,131,20
3644,665,285,90
3645,666,-141,166
3646,666,-140,166
3647,666,-117,90
3648,666,-116,50
3649,666,-112,50
3650,666,-111,90
3651,666,131,20
3652,667,-183,70
3653,667,-167,83
3654,667,-127,50
3655,667,-117,90
3656,667,-116,90
3657,667,-112,90
3658,667,-111,90
3659,667,106,166
3660,668,-183,70
3661,668,-118,50
3662,668,-110,50
3663,668,111,166
3664,668,141,70
3665,668,142,70
3666,669,-183,70
3667,669,-172,116
3668,669,-150,100
3669,669,-125,50
3670,669,-124,243
3671,669,113,166
3672,669,120,70
3673,669,121,70
3674,669,141,70
3675,670,-159,83
3676,670,-157,83
3677,670,-149,100
3678,670,-137,20
3679,670,-136,20
3680,670,-135,20
3681,670,-132,20
3682,670,-131,20
3683,670,-125,243
3684,670,-124,243
3685,670,139,70
3686,670,140,70
3687,670,141,70
3688,671,-183,70
3689,671,-171,116
3690,671,-148,100
3691,671,-123,50
3692,672,-183,70
3693,672,-172,116
3694,672,-159,83
3695,672,-147,100
3696,672,112,166
3697,673,-170,116
3698,673,-146,100
3699,673,101,83
3700,673,102,83
3701,673,103,83
3702,673,104,83
3703,674,-100,90
3704,674,-99,90
3705,674,86,83
3706,674,87,83
3707,674,101,83
3708,674,112,166
3709,674,113,166
3710,674,114,166
3711,675,-124,74
3712,675,-100,90
3713,675,-99,50
3714,675,101,83
3715,676,-123,74
3716,676,-119,74
3717,676,126,70
3718,676,127,70
3719,676,128,70
3720,677,-122,74
3721,677,-120,74
3722,677,79,74
3723,678,80,74
3724,679,-159,83
3725,679,-157,83
3726,679,-100,90
3727,679,-99,50
3728,680,-100,90
3729,680,-99,90
3730,681,-112,70
3731,681,-111,70
3732,682,-120,206
3733,682,-112,70
3734,682,119,83
3735,683,-164,116
3736,683,-114,70
3737,683,-113,70
3738,683,-112,70
3739,683,-80,116
3740,683,-77,116
3741,683,78,70
3742,683,99,83
3743,683,100,83
3744,683,101,83
3745,683,102,83
3746,683,119,83
3747,683,129,206
3748,684,-132,100
3749,684,78,70
3750,684,119,83
3751,684,120,83
3752,684,121,83
3753,684,122,83
3754,685,-177,70
3755,685,-166,116
3756,685,-163,116
3757,685,-138,166
3758,685,-131,100
3759,686,-173,243
3760,686,-169,243
3761,686,-164,116
3762,686,-138,166
3763,686,-130,100
3764,686,-121,206
3765,686,-93,83
3766,687,-138,166
3767,687,-129,100
3768,687,-93,83
3769,687,91,70
3770,687,92,70
3771,687,93,70
3772,688,-157,70
3773,688,-156,70
3774,688,-155,70
3775,688,-138,166
3776,688,-128,100
3777,688,-123,206
3778,688,-93,83
3779,688,-92,83
3780,688,-91,83
3781,688,-90,83
3782,688,129,206
3783,688,132,206
3784,689,-157,70
3785,689,-146,116
3786,690,-158,70
3787,690,-157,70
3788,690,-122,206
3789,690,-77,74
3790,690,-71,74
3791,691,-121,206
3792,691,-76,74
3793,691,-72,74
3794,691,112,100
3795,692,-163,70
3796,692,-111,111
3797,692,-105,111
3798,692,108,83
3799,692,113,100
3800,693,-163,70
3801,693,-162,70
3802,693,-161,70
3803,693,-119,83
3804,693,-110,74
3805,693,-106,74
3806,693,-97,83
3807,693,-73,179
3808,693,79,83
3809,693,80,83
3810,693,81,83
3811,693,82,83
3812,693,108,83
3813,693,114,100
3814,694,-161,70
3815,694,-141,116
3816,694,-119,83
3817,694,-108,116
3818,694,-97,83
3819,694,82,83
3820,694,108,83
3821,694,115,100
3822,695,-176,20
3823,695,-167,74
3824,695,-161,70
3825,695,-141,116
3826,695,-119,83
3827,695,-109,116
3828,695,-107,116
3829,695,-97,83
3830,695,-72,74
3831,695,82,83
3832,695,116,100
3833,696,-176,20
3834,696,-168,74
3835,696,-157,243
3836,696,-149,243
3837,696,-121,83
3838,696,-120,83
3839,696,-119,83
3840,696,-108,116
3841,696,-85,74
3842,696,-79,74
3843,696,-71,74
3844,697,-176,20
3845,697,-170,116
3846,697,-143,116
3847,697,-141,116
3848,697,-140,116
3849,697,-110,74
3850,697,-106,74
3851,697,-84,74
3852,697,-80,74
3853,697,-66,50
3854,697,60,100
3855,697,73,50
3856,697,122,83
3857,698,-169,116
3858,698,-111,111
3859,698,-105,111
3860,698,-65,90
3861,698,-64,90
3862,698,-60,90
3863,698,59,100
3864,698,74,90
3865,698,75,90
3866,698,122,83
3867,699,-170,116
3868,699,-151,116
3869,699,-143,116
3870,699,-65,90
3871,699,-64,50
3872,699,-60,50
3873,699,-59,90
3874,699,58,100
3875,699,74,90
3876,699,75,50
3877,699,121,83
3878,699,122,83
3879,699,285,83
3880,700,-168,74
3881,700,-151,116
3882,700,-143,116
3883,700,-122,100
3884,700,57,100
3885,700,68,100
3886,701,-167,74
3887,701,-82,50
3888,701,-74,50
3889,701,-62,50
3890,701,56,100
3891,701,69,100
3892,701,100,74
3893,701,106,74
3894,702,-153,116
3895,702,-151,116
3896,702,-150,116
3897,702,-81,90
3898,702,-80,90
3899,702,-76,90
3900,702,-75,90
3901,702,39,70
3902,702,101,74
3903,702,105,74
3904,703,-99,70
3905,703,-98,70
3906,703,-95,83
3907,703,-94,83
3908,703,-93,83
3909,703,-92,83
3910,703,-81,90
3911,703,-80,50
3912,703,-76,50
3913,703,-75,90
3914,703,-65,90
3915,703,-64,50
3916,703,-60,50
3917,703,-59,90
3918,703,39,70
3919,703,103,179
3920,704,-153,116
3921,704,-95,83
3922,704,-65,90
3923,704,-64,90
3924,704,-60,90
3925,704,-59,90
3926,704,-17,206
3927,704,39,70
3928,704,102,179
3929,704,103,179
3930,704,104,179
3931,704,120,74
3932,704,126,74
3933,705,-167,116
3934,705,-153,116
3935,705,-137,166
3936,705,-112,206
3937,705,-95,83
3938,705,-78,50
3939,705,-66,50
3940,705,-58,50
3941,705,-17,206
3942,705,6,70
3943,705,7,70
3944,705,16,116
3945,705,103,179
3946,705,121,74
3947,705,125,74
3948,706,-137,166
3949,706,-132,166
3950,706,-122,70
3951,706,-112,206
3952,706,-17,206
3953,706,6,70
3954,706,16,116
3955,706,32,83
3956,706,39,70
3957,706,101,74
3958,706,105,74
3959,706,123,179
3960,707,-137,166
3961,707,-134,166
3962,707,-130,166
3963,707,-122,70
3964,707,-121,70
3965,707,-120,70
3966,707,-81,90
3967,707,-80,50
3968,707,-76,50
3969,707,-75,90
3970,707,-70,83
3971,707,4,70
3972,707,5,70
3973,707,6,70
3974,707,32,83
3975,707,39,70
3976,707,100,74
3977,707,106,74
3978,707,122,179
3979,707,123,179
3980,707,124,179
3981,707,285,20
3982,708,-142,206
3983,708,-137,166
3984,708,-120,70
3985,708,-113,206
3986,708,-112,206
3987,708,-110,206
3988,708,-81,90
3989,708,-80,90
3990,708,-76,90
3991,708,-75,90
3992,708,-19,206
3993,708,32,83
3994,708,95,70
3995,708,123,179
3996,709,-158,50
3997,709,-150,50
3998,709,-142,206
3999,709,-120,70
4000,709,-82,50
4001,709,-74,50
4002,709,-38,50
4003,709,30,83
4004,709,31,83
4005,709,32,83
4006,709,121,74
4007,710,-157,243
4008,710,-156,243
4009,710,-152,243
4010,710,-151,243
4011,710,-134,166
4012,710,-131,166
4013,710,-112,206
4014,710,-37,90
4015,710,-36,90
4016,710,51,70
4017,710,52,70
4018,710,69,70
4019,710,70,70
4020,710,71,70
4021,710,72,70
4022,710,89,83
4023,710,120,74
4024,711,-157,243
4025,711,-156,50
4026,711,-152,50
4027,711,-151,243
4028,711,-112,206
4029,711,-93,243
4030,711,-37,90
4031,711,-36,50
4032,711,51,70
4033,711,72,70
4034,711,89,83
4035,712,-131,166
4036,712,-130,166
4037,712,-129,166
4038,712,-128,166
4039,712,-92,243
4040,712,-91,243
4041,712,-87,243
4042,712,-86,243
4043,712,-8,100
4044,712,49,70
4045,712,50,70
4046,712,51,70
4047,712,72,70
4048,712,89,83
4049,712,104,74
4050,712,110,100
4051,713,-92,243
4052,713,-91,243
4053,713,-87,243
4054,713,-86,243
4055,713,-77,100
4056,713,-53,70
4057,713,-52,70
4058,713,-51,70
4059,713,-50,70
4060,713,-47,70
4061,713,-46,70
4062,713,-16,206
4063,713,87,83
4064,713,88,83
4065,713,89,83
4066,713,104,74
4067,713,111,100
4068,714,-130,83
4069,714,-129,83
4070,714,-128,83
4071,714,-127,83
4072,714,-76,100
4073,714,-70,100
4074,714,-56,74
4075,714,-28,111
4076,714,-22,111
4077,714,60,83
4078,714,61,83
4079,714,62,83
4080,714,63,83
4081,714,104,74
4082,714,112,100
4083,715,-130,83
4084,715,-75,100
4085,715,-56,74
4086,715,-37,90
4087,715,-36,50
4088,715,-27,74
4089,715,-23,74
4090,715,-11,100
4091,715,63,83
4092,715,103,74
4093,715,105,74
4094,715,106,74
4095,715,113,100
4096,715,119,74
4097,716,-141,20
4098,716,-140,20
4099,716,-139,20
4100,716,-136,20
4101,716,-135,20
4102,716,-130,83
4103,716,-103,20
4104,716,-102,20
4105,716,-77,116
4106,716,-74,116
4107,716,-73,116
4108,716,-56,74
4109,716,-25,116
4110,716,-12,100
4111,716,63,83
4112,716,104,74
4113,716,114,100
4114,717,-57,74
4115,717,-26,116
4116,717,-24,116
4117,717,10,206
4118,717,80,74
4119,717,81,74
4120,717,104,74
4121,718,-162,70
4122,718,-155,70
4123,718,-154,70
4124,718,-115,100
4125,718,-87,83
4126,718,-85,83
4127,718,-25,116
4128,718,94,20
4129,718,95,20
4130,718,98,20
4131,718,99,20
4132,718,100,20
4133,718,104,74
4134,719,-155,70
4135,719,-116,100
4136,719,-67,70
4137,719,-27,74
4138,719,-23,74
4139,719,17,74
4140,719,23,74
4141,719,72,70
4142,720,-157,70
4143,720,-156,70
4144,720,-155,70
4145,720,-87,83
4146,720,-67,70
4147,720,-66,70
4148,720,-65,70
4149,720,-28,111
4150,720,-22,111
4151,720,18,74
4152,720,22,74
4153,720,29,70
4154,720,30,70
4155,720,36,20
4156,720,72,70
4157,721,-65,70
4158,721,-7,206
4159,721,0,70
4160,721,1,70
4161,721,2,70
4162,721,20,116
4163,721,29,70
4164,721,84,20
4165,721,85,20
4166,721,86,20
4167,721,89,20
4168,721,90,20
4169,721,119,111
4170,722,-92,116
4171,722,-79,74
4172,722,-65,70
4173,722,0,70
4174,722,19,116
4175,722,21,116
4176,722,29,70
4177,722,72,70
4178,722,118,74
4179,723,-165,74
4180,723,-1,70
4181,723,0,70
4182,723,20,116
4183,723,72,70
4184,723,116,116
4185,724,-164,74
4186,724,-94,116
4187,724,-91,116
4188,724,-54,166
4189,724,-35,20
4190,724,18,74
4191,724,22,74
4192,724,115,116
4193,724,117,116
4194,725,-162,179
4195,725,-92,116
4196,725,-54,166
4197,725,-35,20
4198,725,17,74
4199,725,23,74
4200,725,47,83
4201,725,116,116
4202,726,-93,116
4203,726,-90,116
4204,726,-54,166
4205,726,-25,243
4206,726,-24,243
4207,726,-20,243
4208,726,-19,243
4209,726,67,116
4210,726,118,74
4211,727,-54,166
4212,727,-25,243
4213,727,-24,243
4214,727,-20,243
4215,727,-19,243
4216,727,-12,83
4217,727,-11,83
4218,727,-10,83
4219,727,53,70
4220,727,54,70
4221,727,113,111
4222,727,119,111
4223,728,-35,20
4224,728,-26,243
4225,728,-18,243
4226,728,-10,83
4227,728,53,70
4228,728,100,83
4229,729,-119,83
4230,729,-118,83
4231,729,-117,83
4232,729,-106,74
4233,729,-100,74
4234,729,-35,20
4235,729,-10,83
4236,729,51,70
4237,729,52,70
4238,729,53,70
4239,730,-147,70
4240,730,-146,70
4241,730,-117,83
4242,730,-105,74
4243,730,-101,74
4244,730,-35,20
4245,730,-10,83
4246,730,18,74
4247,730,24,74
4248,730,95,116
4249,731,-147,70
4250,731,-117,83
4251,731,-103,179
4252,732,-149,70
4253,732,-148,70
4254,732,-147,70
4255,732,-136,70
4256,732,-135,70
4257,732,-104,179
4258,732,-103,179
4259,732,-102,179
4260,732,-24,74
4261,732,63,74
4262,732,93,116
4263,732,96,116
4264,732,119,116
4265,733,-136,70
4266,733,-129,83
4267,733,-128,83
4268,733,-127,83
4269,733,-126,83
4270,733,-85,74
4271,733,-79,74
4272,733,-26,116
4273,733,5,116
4274,733,8,116
4275,733,9,116
4276,733,13,116
4277,733,16,116
4278,733,63,74
4279,733,72,100
4280,733,82,20
4281,733,95,116
4282,734,-162,83
4283,734,-138,70
4284,734,-137,70
4285,734,-136,70
4286,734,-129,83
4287,734,-84,74
4288,734,-80,74
4289,734,-48,83
4290,734,-27,116
4291,734,-25,116
4292,734,38,83
4293,734,63,74
4294,734,82,20
4295,734,94,116
4296,734,97,116
4297,735,-129,83
4298,735,-82,179
4299,735,-48,83
4300,735,-26,116
4301,735,15,116
4302,735,38,83
4303,735,44,83
4304,735,45,83
4305,735,60,74
4306,735,61,74
4307,735,62,74
4308,735,64,74
4309,735,65,74
4310,735,66,74
4311,735,82,20
4312,736,-136,116
4313,736,-101,83
4314,736,-99,83
4315,736,-83,179
4316,736,-82,179
4317,736,-81,179
4318,736,-58,111
4319,736,-51,83
4320,736,-50,83
4321,736,-49,83
4322,736,-48,83
4323,736,-28,74
4324,736,-24,74
4325,736,38,83
4326,736,63,74
4327,736,120,83
4328,736,122,83
4329,737,-82,179
4330,737,-73,116
4331,737,-57,74
4332,737,-34,243
4333,737,-29,111
4334,737,-23,111
4335,737,27,206
4336,737,28,206
4337,737,37,83
4338,737,38,83
4339,737,63,74
4340,737,90,116
4341,737,93,116
4342,737,94,116
4343,737,98,116
4344,737,101,116
4345,738,-153,20
4346,738,-152,20
4347,738,-151,20
4348,738,-137,116
4349,738,-117,70
4350,738,-116,70
4351,738,-101,83
4352,738,-84,74
4353,738,-80,74
4354,738,-65,100
4355,738,-55,116
4356,738,-12,70
4357,738,28,206
4358,738,52,70
4359,738,63,74
4360,738,108,83
4361,738,109,83
4362,738,110,83
4363,738,120,83
4364,739,-117,70
4365,739,-85,74
4366,739,-79,74
4367,739,-66,100
4368,739,-12,70
4369,739,-11,70
4370,739,-10,70
4371,739,28,206
4372,739,100,116
4373,739,104,70
4374,739,105,70
4375,740,-119,70
4376,740,-118,70
4377,740,-117,70
4378,740,-106,116
4379,740,-67,100
4380,740,-10,70
4381,740,115,116
4382,741,-147,83
4383,741,-146,83
4384,741,-145,83
4385,741,-144,83
4386,741,-68,100
4387,741,-38,111
4388,741,-10,70
4389,741,26,206
4390,742,-163,206
4391,742,-147,83
4392,742,-108,116
4393,742,-105,116
4394,742,-69,100
4395,742,11,74
4396,742,100,116
4397,742,113,116
4398,742,116,116
4399,743,-163,206
4400,743,-147,83
4401,743,-136,74
4402,743,-130,74
4403,743,-106,116
4404,743,-91,74
4405,743,-90,74
4406,743,-57,70
4407,743,-56,70
4408,743,-33,243
4409,743,-32,243
4410,743,10,74
4411,743,24,206
4412,743,100,116
4413,743,115,116
4414,744,-135,74
4415,744,-131,74
4416,744,-107,116
4417,744,-104,116
4418,744,-88,74
4419,744,-57,70
4420,744,-33,243
4421,744,-32,243
4422,744,69,70
4423,744,70,70
4424,744,71,70
4425,744,114,116
4426,744,117,116
4427,745,-133,116
4428,745,-88,74
4429,745,-80,74
4430,745,-74,74
4431,745,-59,70
4432,745,-58,70
4433,745,-57,70
4434,745,-45,116
4435,745,-44,116
4436,745,-34,243
4437,745,-23,100
4438,745,4,83
4439,745,25,206
4440,746,-134,116
4441,746,-133,116
4442,746,-132,116
4443,746,-88,74
4444,746,-79,74
4445,746,-75,74
4446,746,-24,100
4447,746,4,83
4448,746,21,70
4449,746,26,206
4450,746,29,206
4451,746,52,70
4452,746,53,70
4453,746,54,70
4454,746,55,70
4455,746,58,70
4456,746,100,116
4457,747,-133,116
4458,747,-92,116
4459,747,-89,116
4460,747,-77,116
4461,747,-25,100
4462,747,4,83
4463,747,10,74
4464,747,21,70
4465,748,-135,74
4466,748,-131,74
4467,748,-112,83
4468,748,-111,83
4469,748,-110,83
4470,748,-109,83
4471,748,-78,116
4472,748,-76,116
4473,748,-26,100
4474,748,2,83
4475,748,3,83
4476,748,4,83
4477,748,11,74
4478,748,19,70
4479,748,20,70
4480,748,21,70
4481,748,75,166
4482,749,-136,74
4483,749,-130,74
4484,749,-109,83
4485,749,-77,116
4486,749,-27,100
4487,749,26,116
4488,749,29,116
4489,749,30,116
4490,749,38,74
4491,749,75,166
4492,749,80,166
4493,749,100,116
4494,750,-123,166
4495,750,-109,83
4496,750,-79,74
4497,750,-75,74
4498,750,39,74
4499,750,75,166
4500,750,78,166
4501,750,82,166
4502,751,-121,166
4503,751,-93,83
4504,751,-91,83
4505,751,-80,74
4506,751,-74,74
4507,751,-42,74
4508,751,-36,74
4509,751,41,116
4510,751,57,74
4511,751,61,166
4512,751,75,166
4513,751,104,83
4514,752,-87,74
4515,752,-58,100
4516,752,-41,74
4517,752,-37,74
4518,752,40,116
4519,752,58,74
4520,752,61,166
4521,752,66,166
4522,753,-93,83
4523,753,-86,74
4524,753,-59,100
4525,753,-39,179
4526,753,61,166
4527,753,64,166
4528,753,68,166
4529,753,78,166
4530,753,81,166
4531,753,285,100
4532,754,-125,166
4533,754,-122,166
4534,754,-60,100
4535,754,-40,179
4536,754,-39,179
4537,754,-38,179
4538,754,39,74
4539,754,45,70
4540,754,61,166
4541,755,-98,116
4542,755,-85,116
4543,755,-61,100
4544,755,-39,179
4545,755,38,74
4546,755,45,70
4547,755,46,70
4548,755,47,70
4549,755,81,166
4550,755,82,166
4551,756,-122,166
4552,756,-121,166
4553,756,-120,166
4554,756,-119,166
4555,756,-111,70
4556,756,-84,116
4557,756,-76,74
4558,756,-62,100
4559,756,-41,74
4560,756,-37,74
4561,756,-18,74
4562,756,47,70
4563,756,58,74
4564,756,64,166
4565,756,67,166
4566,757,-138,206
4567,757,-137,206
4568,757,-111,70
4569,757,-100,116
4570,757,-97,116
4571,757,-86,74
4572,757,-42,74
4573,757,-36,74
4574,757,3,70
4575,757,4,70
4576,757,5,70
4577,757,6,70
4578,757,47,70
4579,757,57,74
4580,757,80,116
4581,757,85,166
4582,758,-137,206
4583,758,-98,116
4584,758,-87,74
4585,758,6,70
4586,758,16,166
4587,758,67,166
4588,758,68,166
4589,758,69,166
4590,758,70,166
4591,758,78,74
4592,758,82,74
4593,758,85,166
4594,759,-137,206
4595,759,-99,116
4596,759,-96,116
4597,759,6,70
4598,759,77,74
4599,759,85,166
4600,759,88,166
4601,760,-11,83
4602,760,85,166
4603,760,102,100
4604,760,109,116
4605,761,-127,70
4606,761,-11,83
4607,761,36,116
4608,761,97,70
4609,761,98,70
4610,762,-127,70
4611,762,-119,74
4612,762,-18,74
4613,762,-11,83
4614,762,88,166
4615,762,97,70
4616,762,107,116
4617,763,-128,70
4618,763,-127,70
4619,763,-119,74
4620,763,-105,74
4621,763,-13,83
4622,763,-12,83
4623,763,-11,83
4624,763,95,70
4625,763,96,70
4626,763,97,70
4627,764,-119,74
4628,764,-30,100
4629,764,73,70
4630,765,-122,74
4631,765,-121,74
4632,765,-120,74
4633,765,-118,74
4634,765,-117,74
4635,765,-116,74
4636,765,-31,100
4637,765,40,83
4638,765,73,70
4639,765,78,116
4640,765,81,116
4641,766,-140,70
4642,766,-139,70
4643,766,-138,70
4644,766,-119,74
4645,766,-32,100
4646,766,40,83
4647,766,63,179
4648,766,64,179
4649,766,65,179
4650,766,73,70
4651,766,80,116
4652,767,-138,70
4653,767,-99,111
4654,767,-93,111
4655,767,-33,100
4656,767,64,179
4657,767,82,116
4658,768,-98,74
4659,768,-94,74
4660,768,-46,206
4661,768,-45,206
4662,768,-34,100
4663,768,62,74
4664,769,-116,206
4665,769,-105,74
4666,769,-96,116
4667,769,-67,83
4668,769,-57,74
4669,769,-45,206
4670,769,61,74
4671,769,101,50
4672,770,-116,206
4673,770,-97,116
4674,770,-95,116
4675,770,-67,83
4676,770,-57,74
4677,770,-45,206
4678,770,5,83
4679,770,6,83
4680,770,7,83
4681,770,8,83
4682,770,27,50
4683,770,35,50
4684,770,102,90
4685,770,103,90
4686,771,-96,116
4687,771,-67,83
4688,771,-57,74
4689,771,5,83
4690,771,28,90
4691,771,29,90
4692,771,33,90
4693,771,34,90
4694,771,89,206
4695,771,102,90
4696,772,-130,116
4697,772,-117,206
4698,772,-116,206
4699,772,-114,206
4700,772,-98,74
4701,772,-94,74
4702,772,-69,83
4703,772,-68,83
4704,772,-67,83
4705,772,-60,74
4706,772,-59,74
4707,772,-58,74
4708,772,-56,74
4709,772,-55,74
4710,772,-54,74
4711,772,-47,206
4712,772,-24,50
4713,772,-16,50
4714,772,-5,83
4715,772,-4,83
4716,772,-3,83
4717,772,5,83
4718,772,16,70
4719,772,17,70
4720,772,18,70
4721,772,28,90
4722,772,29,50
4723,772,33,50
4724,772,34,90
4725,772,72,70
4726,772,90,206
4727,773,-99,111
4728,773,-93,111
4729,773,-82,179
4730,773,-57,74
4731,773,-23,90
4732,773,-22,90
4733,773,-18,90
4734,773,-17,90
4735,773,-3,83
4736,773,16,70
4737,773,68,20
4738,773,69,20
4739,773,72,70
4740,773,73,70
4741,773,74,70
4742,773,90,206
4743,774,-129,116
4744,774,-116,206
4745,774,-83,179
4746,774,-82,179
4747,774,-80,70
4748,774,-79,70
4749,774,-78,70
4750,774,-77,70
4751,774,-57,74
4752,774,-3,83
4753,774,15,70
4754,774,16,70
4755,774,31,50
4756,774,63,243
4757,774,74,70
4758,774,285,116
4759,775,-130,116
4760,775,-116,206
4761,775,-82,179
4762,775,-77,70
4763,775,-57,74
4764,775,-3,83
4765,775,51,20
4766,775,52,20
4767,775,55,20
4768,775,56,20
4769,775,57,20
4770,775,74,70
4771,775,88,206
4772,776,-131,116
4773,776,-128,116
4774,776,-77,70
4775,776,-48,206
4776,776,28,90
4777,776,29,50
4778,776,33,50
4779,776,34,90
4780,777,-47,206
4781,777,-44,206
4782,777,28,90
4783,777,29,90
4784,777,33,90
4785,777,34,90
4786,777,86,206
4787,778,-93,206
4788,778,27,50
4789,779,-108,83
4790,779,87,206
4791,780,-120,20
4792,780,-119,20
4793,780,-116,20
4794,780,-115,20
4795,780,-114,20
4796,780,-108,83
4797,780,-95,206
4798,780,-24,50
4799,780,-22,70
4800,780,-21,70
4801,780,-20,70
4802,780,-19,70
4803,780,60,74
4804,780,88,206
4805,780,91,206
4806,781,-108,83
4807,781,-107,83
4808,781,-106,83
4809,781,-105,83
4810,781,-39,243
4811,781,-38,243
4812,781,-19,70
4813,781,61,74
4814,782,-91,70
4815,782,-90,70
4816,782,-89,70
4817,782,-88,70
4818,782,-39,243
4819,782,-38,243
4820,782,-19,70
4821,782,0,116
4822,782,28,116
4823,782,35,206
4824,782,36,206
4825,782,72,116
4826,782,78,74
4827,782,86,70
4828,782,285,70
4829,783,-88,70
4830,783,-68,70
4831,783,-67,70
4832,783,-66,70
4833,783,-39,116
4834,783,-36,116
4835,783,-10,111
4836,783,-2,74
4837,783,6,70
4838,783,7,70
4839,783,26,74
4840,783,36,206
4841,783,62,179
4842,783,72,116
4843,783,79,74
4844,783,285,70
4845,784,-88,70
4846,784,-68,70
4847,784,-58,243
4848,784,-50,243
4849,784,6,70
4850,784,25,74
4851,784,36,206
4852,784,81,116
4853,785,-127,83
4854,785,-126,83
4855,785,-95,206
4856,785,-69,70
4857,785,-68,70
4858,785,-57,243
4859,785,-56,243
4860,785,-52,243
4861,785,-51,243
4862,785,-37,116
4863,785,4,70
4864,785,5,70
4865,785,6,70
4866,785,61,74
4867,785,70,116
4868,785,72,116
4869,785,73,116
4870,785,80,116
4871,785,81,116
4872,785,82,116
4873,786,-72,116
4874,786,-57,243
4875,786,-56,243
4876,786,-52,243
4877,786,-51,243
4878,786,15,100
4879,786,34,206
4880,786,60,74
4881,786,81,116
4882,787,-27,83
4883,787,14,100
4884,787,70,116
4885,788,-110,74
4886,788,-104,74
4887,788,-54,243
4888,788,-37,116
4889,788,-27,83
4890,788,13,100
4891,788,32,206
4892,788,70,116
4893,788,95,166
4894,788,96,166
4895,789,-109,74
4896,789,-105,74
4897,789,-27,83
4898,789,53,20
4899,790,-107,116
4900,790,-95,70
4901,790,-94,70
4902,790,-57,243
4903,790,-56,243
4904,790,-52,243
4905,790,-51,243
4906,790,-29,83
4907,790,-28,83
4908,790,-27,83
4909,790,-16,116
4910,790,-13,70
4911,790,-12,70
4912,790,-11,70
4913,790,-10,70
4914,790,33,206
4915,791,-108,116
4916,791,-107,116
4917,791,-106,116
4918,791,-57,243
4919,791,-56,243
4920,791,-52,243
4921,791,-51,243
4922,791,-10,70
4923,791,34,206
4924,791,37,206
4925,792,-107,116
4926,792,-58,243
4927,792,-50,243
4928,792,-10,70
4929,792,79,20
4930,792,80,20
4931,792,81,20
4932,793,-109,74
4933,793,-105,74
4934,793,-73,74
4935,793,-67,74
4936,793,44,20
4937,793,45,20
4938,793,48,20
4939,793,49,20
4940,793,50,20
4941,794,-110,74
4942,794,-104,74
4943,794,-78,70
4944,794,-77,70
4945,794,-72,74
4946,794,-68,74
4947,794,65,74
4948,795,-89,20
4949,795,-78,70
4950,795,-70,116
4951,795,-41,70
4952,795,65,74
4953,796,-89,20
4954,796,-80,70
4955,796,-79,70
4956,796,-78,70
4957,796,-71,116
4958,796,-69,116
4959,796,-22,70
4960,796,2,74
4961,796,8,74
4962,796,62,74
4963,796,63,74
4964,796,64,74
4965,796,66,74
4966,796,67,74
4967,796,68,74
4968,797,-59,111
4969,797,-53,111
4970,797,-27,74
4971,797,-22,70
4972,797,3,74
4973,797,7,74
4974,797,24,243
4975,798,-72,74
4976,798,-58,74
4977,798,-54,74
4978,798,-32,74
4979,798,-28,74
4980,798,-22,70
4981,798,5,116
4982,798,20,116
4983,798,25,243
4984,798,26,243
4985,798,89,100
4986,799,-106,50
4987,799,-73,74
4988,799,-56,116
4989,799,-30,116
4990,799,4,116
4991,799,5,116
4992,799,6,116
4993,799,26,243
4994,799,88,100
4995,800,-108,243
4996,800,-107,243
4997,800,-57,116
4998,800,-55,116
4999,800,-31,116
5000,800,-30,116
5001,800,-29,116
5002,800,-22,70
5003,800,5,116
5004,800,87,100
5005,801,-112,50
5006,801,-108,50
5007,801,-107,243
5008,801,-56,116
5009,801,-30,116
5010,801,-22,70
5011,801,3,74
5012,801,7,74
5013,801,28,243
5014,802,-66,111
5015,802,-58,74
5016,802,-54,74
5017,802,-28,74
5018,802,2,74
5019,802,8,74
5020,802,31,20
5021,802,32,20
5022,802,33,20
5023,802,36,20
5024,802,37,20
5025,802,72,100
5026,802,85,100
5027,803,-110,50
5028,803,-65,74
5029,803,-59,111
5030,803,-53,111
5031,803,-27,74
5032,803,44,20
5033,803,45,20
5034,803,46,20
5035,803,49,20
5036,803,50,20
5037,803,71,100
5038,804,-95,74
5039,804,-86,83
5040,804,-45,83
5041,804,-44,83
5042,804,-43,83
5043,804,70,100
5044,805,-108,50
5045,805,-107,243
5046,805,-95,74
5047,805,-64,116
5048,805,61,116
5049,805,69,100
5050,806,-95,74
5051,806,68,100
5052,807,-94,74
5053,807,-93,74
5054,807,-92,74
5055,807,-65,74
5056,807,0,166
5057,807,5,166
5058,807,26,74
5059,808,-95,74
5060,808,-66,111
5061,808,-57,74
5062,808,-51,74
5063,808,-36,100
5064,808,0,166
5065,808,3,166
5066,808,7,166
5067,808,27,74
5068,809,-95,74
5069,809,0,166
5070,809,51,50
5071,809,59,50
5072,810,-95,74
5073,810,-43,116
5074,810,28,116
5075,810,52,243
5076,810,53,243
5077,810,57,243
5078,810,58,243
5079,810,63,116
5080,810,64,116
5081,811,3,166
5082,811,6,166
5083,811,52,243
5084,811,53,50
5085,811,57,50
5086,811,58,243
5087,812,-71,206
5088,812,27,74
5089,812,31,74
5090,813,-36,74
5091,813,-30,74
5092,813,26,74
5093,813,32,74
5094,813,55,50
5095,814,-70,206
5096,814,-64,116
5097,814,-35,74
5098,814,-31,74
5099,814,-10,20
5100,815,-69,206
5101,815,-64,116
5102,815,-33,179
5103,815,10,243
5104,815,11,243
5105,815,57,50
5106,815,58,243
5107,816,-46,50
5108,816,-34,179
5109,816,-33,179
5110,816,-32,179
5111,816,0,74
5112,816,21,83
5113,816,57,243
5114,816,285,74
5115,817,-45,90
5116,817,-44,90
5117,817,-33,179
5118,817,0,74
5119,817,13,243
5120,818,-45,90
5121,818,-44,50
5122,818,-35,74
5123,818,-31,74
5124,818,46,206
5125,818,47,206
5126,819,-36,74
5127,819,-30,74
5128,819,10,243
5129,819,11,243
5130,819,15,243
5131,819,16,243
5132,819,47,206
5133,820,-42,50
5134,820,10,243
5135,820,11,243
5136,820,15,243
5137,820,16,243
5138,820,47,206
5139,820,285,74
5140,821,9,243
5141,821,17,243
5142,822,-45,90
5143,822,-44,50
5144,822,45,206
5145,822,59,74
5146,823,-45,90
5147,823,-44,90
5148,823,27,74
5149,823,60,74
5150,824,-62,20
5151,824,-38,50
5152,824,27,74
5153,824,43,206
5154,825,-3,70
5155,825,0,70
5156,825,1,70
5157,825,14,111
5158,825,20,111
5159,825,27,74
5160,825,61,116
5161,826,15,74
5162,826,19,74
5163,826,44,206
5164,827,-32,206
5165,827,-15,74
5166,827,-9,74
5167,827,17,116
5168,827,45,206
5169,827,48,206
5170,828,-41,243
5171,828,-40,243
5172,828,-14,74
5173,828,-10,74
5174,828,16,116
5175,828,18,116
5176,828,32,116
5177,829,-41,243
5178,829,-40,50
5179,829,-36,50
5180,829,-35,243
5181,829,-31,83
5182,829,-30,83
5183,829,-29,83
5184,829,-28,83
5185,829,-12,179
5186,829,17,116
5187,830,-31,83
5188,830,-13,179
5189,830,-12,179
5190,830,-11,179
5191,830,15,74
5192,830,19,74
5193,831,-38,50
5194,831,-31,83
5195,831,-12,179
5196,831,4,83
5197,831,5,83
5198,831,14,111
5199,831,20,111
5200,832,-14,74
5201,832,5,83
5202,833,-35,243
5203,833,-15,74
5204,833,5,83
5205,837,-10,83
5206,837,-9,83
5207,837,-8,83
5208,837,-7,83
5209,838,-18,116
5210,838,-15,116
5211,838,-14,116
5212,838,-10,83
5213,839,-10,83
5214,841,-21,116
5215,852,-289,100
5216,852,-233,50
5217,852,-214,50
5218,852,-179,70
5219,852,-127,83
5220,852,-126,83
5221,852,-125,83
5222,852,-104,83
5223,852,-100,100
5224,852,-86,83
5225,852,-85,83
5226,852,-84,83
5227,852,-83,83
5228,852,-75,100
5229,852,-32,70
5230,852,50,116
5231,852,53,116
5232,852,109,116
5233,852,117,74
5234,852,155,20
5235,852,181,100
